DATE,DYCO
2005-01-04,-0.00989976
2005-01-05,-0.01274039
2005-01-06,-0.00809705
2005-01-07,0.00718622
2005-01-10,-0.00382784
2005-01-11,-0.0023641
2005-01-12,-0.00203723
2005-01-13,0.01473351
2005-01-14,0.001036
2005-01-17,0.00141078
2005-01-18,-0.01600021
2005-01-19,-0.00414551
2005-01-20,-0.01418466
2005-01-21,0.00482227
2005-01-24,0.00639929
2005-01-25,-3.402e-05
2005-01-26,0.00686645
2005-01-27,-0.01854391
2005-01-28,-0.00037837
2005-01-31,0.01414205
2005-02-01,-0.00692345
2005-02-02,0.0023608
2005-02-03,0.0024212
2005-02-04,0.01748162
2005-02-09,0.01546225
2005-02-10,-0.0016939
2005-02-11,0.00910985
2005-02-14,0.00165589
2005-02-15,0.00133192
2005-02-16,-0.00183839
2005-02-17,0.00552522
2005-02-18,0.00325265
2005-02-21,0.00373492
2005-02-22,0.00429716
2005-02-23,0.00202065
2005-02-24,0.02089277
2005-02-25,0.00451871
2005-02-28,-0.0119057
2005-03-01,-0.0076269
2005-03-02,0.00240371
2005-03-03,0.01700776
2005-03-04,0.01056446
2005-03-07,0.01342125
2005-03-08,-0.00184661
2005-03-09,0.0053543
2005-03-10,-0.01725759
2005-03-11,0.00178016
2005-03-14,-0.01000017
2005-03-15,-0.00323314
2005-03-16,-0.00718941
2005-03-17,-0.00058241
2005-03-18,-0.00271896
2005-03-21,-0.0108256
2005-03-22,-0.00825819
2005-03-23,-0.02331029
2005-03-24,0.00726507
2005-03-28,-0.00966772
2005-03-29,-0.01659033
2005-03-30,-0.0039231
2005-03-31,0.01279096
2005-04-01,0.00084846
2005-04-04,-0.01503515
2005-04-05,-0.00205515
2005-04-06,-0.013366
2005-04-07,-0.00347182
2005-04-08,0.00202854
2005-04-11,-0.00801308
2005-04-12,-0.00754372
2005-04-13,0.00015154
2005-04-14,-0.02619059
2005-04-15,-0.01854274
2005-04-18,-0.00109337
2005-04-19,0.020333
2005-04-20,-0.00284269
2005-04-22,-0.00384079
2005-04-25,0.00203209
2005-04-26,0.00889974
2005-04-27,-0.00548794
2005-04-28,-0.01554594
2005-04-29,0.00015615
2005-05-02,-0.00238796
2005-05-03,0.00638421
2005-05-04,0.01807723
2005-05-05,0.002064
2005-05-06,0.00059216
2005-05-09,0.00427051
2005-05-10,-0.01335679
2005-05-11,-0.01632881
2005-05-12,-0.01409384
2005-05-13,-0.01453044
2005-05-16,0.00568604
2005-05-17,0.00559027
2005-05-18,0.01939179
2005-05-19,-0.00603716
2005-05-20,-0.00448659
2005-05-23,-0.00558962
2005-05-24,-0.00248555
2005-05-25,0.0056138
2005-05-27,0.01309926
2005-05-30,0.00759309
2005-05-31,-0.00194558
2005-06-01,0.01301658
2005-06-02,0.01922991
2005-06-03,0.00281104
2005-06-06,-0.02232546
2005-06-07,-0.00301974
2005-06-08,-0.00585713
2005-06-09,-0.01935549
2005-06-10,0.00654266
2005-06-13,0.01307974
2005-06-14,-0.00073025
2005-06-15,0.00410329
2005-06-16,0.02587806
2005-06-17,0.00450874
2005-06-20,-0.00640951
2005-06-21,-0.01010497
2005-06-22,-0.00826103
2005-06-23,-0.00464505
2005-06-24,-0.01398737
2005-06-27,0.00260411
2005-06-28,0.0099222
2005-06-29,0.00120618
2005-06-30,-0.00016748
2005-07-01,0.00558589
2005-07-04,-0.00546867
2005-07-05,-0.00413336
2005-07-06,-0.00843257
2005-07-07,0.00212159
2005-07-08,-0.00040893
2005-07-11,0.01331089
2005-07-12,0.01511888
2005-07-13,0.01376538
2005-07-14,0.0046316
2005-07-15,-0.01282621
2005-07-18,-0.00062064
2005-07-19,3.224e-05
2005-07-20,0.01153869
2005-07-21,0.01181775
2005-07-22,-0.0044972
2005-07-25,-0.02492967
2005-07-26,0.00079998
2005-07-27,0.01486496
2005-07-28,0.0243218
2005-07-29,0.00455805
2005-08-01,-0.00320454
2005-08-02,0.01573237
2005-08-03,0.01368971
2005-08-04,-0.00750699
2005-08-05,0.00189831
2005-08-08,0.00694896
2005-08-09,0.0014176
2005-08-10,0.00499851
2005-08-11,-0.00692551
2005-08-12,-0.02115347
2005-08-15,0.02189233
2005-08-16,0.00389147
2005-08-17,0.00079027
2005-08-18,-0.0045744
2005-08-19,-0.01423126
2005-08-22,0.01826145
2005-08-23,-0.00785582
2005-08-24,-0.00182025
2005-08-25,0.00794264
2005-08-26,0.00206679
2005-08-29,0.00089328
2005-08-30,0.00359431
2005-08-31,0.00960341
2005-09-01,0.0083946
2005-09-02,0.00876588
2005-09-05,0.01093222
2005-09-06,0.00603577
2005-09-08,0.01079412
2005-09-09,0.00849271
2005-09-12,0.00260304
2005-09-13,-0.00579249
2005-09-14,0.00078121
2005-09-15,0.01091341
2005-09-16,0.01156978
2005-09-19,0.00097499
2005-09-20,0.00807372
2005-09-21,0.01447629
2005-09-22,0.00328165
2005-09-23,0.00609535
2005-09-26,-0.00180462
2005-09-27,-0.00733222
2005-09-28,0.0115591
2005-09-29,-0.00170146
2005-09-30,0.00937235
2005-10-03,0.01119097
2005-10-04,0.00259886
2005-10-05,-0.0272386
2005-10-06,-0.03205246
2005-10-07,0.00958315
2005-10-10,0.01459155
2005-10-11,0.00861138
2005-10-13,-0.02894814
2005-10-14,-0.00436661
2005-10-17,0.00963632
2005-10-18,-0.00461074
2005-10-19,-0.02305102
2005-10-20,-0.00761944
2005-10-21,0.00200619
2005-10-24,0.01913807
2005-10-25,0.00904198
2005-10-26,0.00165605
2005-10-27,-0.009349
2005-10-28,0.00340004
2005-10-31,0.01997838
2005-11-01,0.01670814
2005-11-03,0.0138144
2005-11-04,-0.01144402
2005-11-07,0.00915709
2005-11-08,0.00146179
2005-11-09,-0.00161595
2005-11-10,-0.00462396
2005-11-11,0.00343166
2005-11-14,-0.01184032
2005-11-16,0.00802931
2005-11-17,0.01644659
2005-11-18,0.00185899
2005-11-21,0.00132693
2005-11-22,-0.00333652
2005-11-23,0.01581411
2005-11-24,0.00323748
2005-11-25,0.00283485
2005-11-28,0.0027147
2005-11-29,-0.00693308
2005-11-30,-0.00095697
2005-12-01,0.01801422
2005-12-02,0.00802102
2005-12-05,-0.00367375
2005-12-06,0.00961383
2005-12-07,-0.00262525
2005-12-08,-0.00899028
2005-12-09,-0.0017883
2005-12-12,0.0096743
2005-12-13,-0.00174649
2005-12-14,0.00883009
2005-12-15,-0.00729755
2005-12-16,0.00656017
2005-12-19,-0.00252156
2005-12-20,-0.0094358
2005-12-21,0.01208468
2005-12-22,0.00445644
2005-12-23,0.00208748
2005-12-26,-0.00642481
2005-12-27,0.01505593
2005-12-28,-0.00319533
2005-12-29,0.00429898
2005-12-30,-3.106e-05
2006-01-02,-0.00299082
2006-01-03,0.02265828
2006-01-04,0.02161711
2006-01-05,-0.00424764
2006-01-06,0.01345481
2006-01-09,-0.00139637
2006-01-10,-0.0108144
2006-01-11,0.01316519
2006-01-12,0.00440777
2006-01-13,-0.00499684
2006-01-16,0.00852647
2006-01-17,-0.01057317
2006-01-18,-0.01498831
2006-01-19,0.03247702
2006-01-20,-5.898e-05
2006-01-23,-0.00593057
2006-01-24,0.01547343
2006-01-25,-1.189e-05
2006-01-26,0.01966443
2006-01-27,0.02037747
2006-01-30,-0.01441525
2006-01-31,0.00336762
2006-02-01,0.00402347
2006-02-02,-0.01048635
2006-02-03,-0.01689425
2006-02-06,0.01410779
2006-02-07,-0.00994723
2006-02-08,-0.00721992
2006-02-09,0.00937892
2006-02-10,0.01101958
2006-02-13,-0.00417249
2006-02-14,-0.00113574
2006-02-15,0.01156794
2006-02-16,0.01154835
2006-02-17,0.00600615
2006-02-20,0.00026306
2006-02-21,0.0005196
2006-02-22,0.00315281
2006-02-23,0.00132393
2006-02-24,8.132e-05
2006-03-01,0.01975611
2006-03-02,0.00462891
2006-03-03,0.0041682
2006-03-06,-0.00135383
2006-03-07,-0.02257369
2006-03-08,-0.00614319
2006-03-09,0.00063987
2006-03-10,0.0027756
2006-03-13,0.00557916
2006-03-14,0.00223487
2006-03-15,0.01565342
2006-03-16,0.00710057
2006-03-17,0.00067166
2006-03-20,0.00690811
2006-03-21,-0.0109451
2006-03-22,0.00446853
2006-03-23,-0.00571689
2006-03-24,-0.00390483
2006-03-27,-0.00829919
2006-03-28,-0.01398948
2006-03-29,-0.00368353
2006-03-30,0.01009547
2006-03-31,-0.00096835
2006-04-03,0.01762755
2006-04-04,0.0117483
2006-04-05,0.00413525
2006-04-06,0.00836778
2006-04-07,-0.00548413
2006-04-10,-0.00987467
2006-04-11,-0.01064475
2006-04-12,-0.00294668
2006-04-13,-0.00309223
2006-04-17,0.00107287
2006-04-18,0.01046074
2006-04-19,0.00826837
2006-04-20,0.00090582
2006-04-24,-0.00560016
2006-04-25,0.00413391
2006-04-26,0.00536952
2006-04-27,-0.00346259
2006-04-28,0.0077111
2006-05-02,0.01123218
2006-05-03,0.00378422
2006-05-04,0.00657968
2006-05-05,0.00559899
2006-05-08,0.00489186
2006-05-09,0.00497466
2006-05-10,-0.0081226
2006-05-11,-0.00271224
2006-05-12,-0.02416175
2006-05-15,-0.01399638
2006-05-16,0.00128001
2006-05-17,-0.02360708
2006-05-18,-0.00493337
2006-05-19,0.00418106
2006-05-22,-0.03681031
2006-05-23,0.01646858
2006-05-24,-0.03625273
2006-05-25,0.03061599
2006-05-26,0.01889931
2006-05-29,-0.00054816
2006-05-30,-0.0335585
2006-05-31,0.00163699
2006-06-01,0.0161076
2006-06-02,0.00326082
2006-06-05,-0.01609718
2006-06-06,-0.02531476
2006-06-07,-0.00373861
2006-06-08,-0.03358503
2006-06-09,0.01890459
2006-06-12,-0.02884725
2006-06-13,-0.02856829
2006-06-14,-0.01630455
2006-06-16,0.03884523
2006-06-19,0.01202667
2006-06-20,-0.0027807
2006-06-21,0.01753713
2006-06-22,0.00474132
2006-06-23,0.00269837
2006-06-26,0.00867918
2006-06-27,-0.00980818
2006-06-28,-0.00870099
2006-06-29,0.02097706
2006-06-30,0.0225422
2006-07-03,0.01552427
2006-07-04,0.00477795
2006-07-05,-0.01766525
2006-07-06,0.00443837
2006-07-07,-0.00308662
2006-07-10,-0.00361881
2006-07-11,-0.00329172
2006-07-12,0.0030857
2006-07-13,-0.02242387
2006-07-14,-0.00902926
2006-07-17,0.00128443
2006-07-18,0.00732748
2006-07-19,0.03216817
2006-07-20,0.00204365
2006-07-21,-0.0140274
2006-07-24,0.01581546
2006-07-25,0.00565588
2006-07-26,0.00595638
2006-07-27,-0.00626781
2006-07-28,0.00440812
2006-07-31,0.00244729
2006-08-01,-0.0019432
2006-08-02,0.0187668
2006-08-03,-0.00448784
2006-08-04,0.01065822
2006-08-07,-0.00601276
2006-08-08,0.00302577
2006-08-09,0.00203445
2006-08-10,-0.00984964
2006-08-11,0.00094288
2006-08-14,-0.0014101
2006-08-15,0.01126114
2006-08-16,0.00876501
2006-08-17,0.01231586
2006-08-18,-0.00688301
2006-08-21,-0.00438887
2006-08-22,-0.00812249
2006-08-23,-0.01843478
2006-08-24,-0.00669444
2006-08-25,0.00124574
2006-08-28,0.00554208
2006-08-29,0.0179663
2006-08-30,-0.00336038
2006-08-31,0.01039526
2006-09-01,0.01303051
2006-09-04,0.01115317
2006-09-05,-0.00340438
2006-09-06,-0.00402775
2006-09-08,-0.00279749
2006-09-11,-0.01142788
2006-09-12,-0.00316447
2006-09-13,0.00311701
2006-09-14,-0.00191822
2006-09-15,-0.00149922
2006-09-18,0.00596482
2006-09-19,-0.0155792
2006-09-20,-0.01020585
2006-09-21,-0.01669088
2006-09-22,-0.00510342
2006-09-25,-0.00168713
2006-09-26,0.02740361
2006-09-27,0.00558492
2006-09-28,0.01449032
2006-09-29,-0.00032959
2006-10-02,0.00721868
2006-10-03,-0.00657153
2006-10-04,0.01423929
2006-10-05,0.00996686
2006-10-06,-0.00494425
2006-10-09,0.00887459
2006-10-10,0.00543036
2006-10-11,5.176e-05
2006-10-13,0.0080433
2006-10-16,-0.0042954
2006-10-17,0.00304221
2006-10-18,0.01078176
2006-10-19,-0.00474942
2006-10-20,-0.00509073
2006-10-23,0.00357423
2006-10-24,0.0089643
2006-10-25,-0.01515096
2006-10-26,0.00568945
2006-10-27,-0.00277219
2006-10-30,-0.01317549
2006-10-31,0.00570658
2006-11-01,0.00982538
2006-11-03,0.00585277
2006-11-06,0.0114636
2006-11-07,0.00339263
2006-11-08,0.00101441
2006-11-09,-9.328e-05
2006-11-10,-0.01655205
2006-11-13,0.00224083
2006-11-14,0.01214022
2006-11-16,0.00629225
2006-11-17,-0.00971017
2006-11-20,-5.82e-05
2006-11-21,0.00582398
2006-11-22,0.00755218
2006-11-23,0.01864875
2006-11-24,-0.00293494
2006-11-27,-0.00972303
2006-11-28,-0.00841547
2006-11-29,0.01904024
2006-11-30,-0.00320759
2006-12-01,0.00081089
2006-12-04,0.00814996
2006-12-05,0.02094004
2006-12-06,0.00458146
2006-12-07,0.00474876
2006-12-08,0.00257284
2006-12-11,0.00496297
2006-12-12,-0.00631367
2006-12-13,0.0009703
2006-12-14,0.01036124
2006-12-15,0.00618956
2006-12-18,0.0012148
2006-12-19,-0.00793998
2006-12-20,0.00722616
2006-12-21,-0.00682142
2006-12-22,0.00089862
2006-12-26,0.00372867
2006-12-27,0.00964901
2006-12-28,0.0086163
2006-12-29,-7.601e-05
2007-01-02,0.01212407
2007-01-03,-0.00144175
2007-01-04,-0.0161417
2007-01-05,-0.01539896
2007-01-08,-0.00758243
2007-01-09,-0.01362661
2007-01-10,-0.00702133
2007-01-11,0.02457047
2007-01-12,0.00399541
2007-01-15,0.00993775
2007-01-16,-0.00537245
2007-01-17,0.00035843
2007-01-18,0.01235819
2007-01-19,-0.00724786
2007-01-22,0.00905946
2007-01-23,0.00882363
2007-01-24,0.01022117
2007-01-25,-4.099e-05
2007-01-26,-0.00364885
2007-01-29,-0.00021932
2007-01-30,-0.00038704
2007-01-31,0.00382177
2007-02-01,0.01174998
2007-02-02,-0.00451285
2007-02-05,0.00645851
2007-02-06,0.00804081
2007-02-07,-0.00192788
2007-02-08,-0.00937986
2007-02-09,0.00673944
2007-02-12,-0.00531644
2007-02-13,0.02175973
2007-02-14,0.01624446
2007-02-15,0.00631889
2007-02-16,-0.00286198
2007-02-21,0.00644443
2007-02-22,0.00745445
2007-02-23,-0.00859366
2007-02-26,-5.717e-05
2007-02-27,-0.03961973
2007-02-28,-0.00470536
2007-03-01,-0.01048767
2007-03-02,-0.00026954
2007-03-05,-0.0232026
2007-03-06,0.01842168
2007-03-07,0.00421348
2007-03-08,0.01297478
2007-03-09,0.00542588
2007-03-12,0.00358424
2007-03-13,-0.01825064
2007-03-14,-0.01300112
2007-03-15,0.0112097
2007-03-16,-0.00684704
2007-03-19,0.00889942
2007-03-20,0.01203166
2007-03-21,0.01930692
2007-03-22,0.00852225
2007-03-23,-0.00099674
2007-03-26,-0.00499729
2007-03-27,-0.0062432
2007-03-28,-0.01787357
2007-03-29,0.00594761
2007-03-30,0.01072274
2007-04-02,0.00081358
2007-04-03,0.01880939
2007-04-04,0.00831248
2007-04-05,0.00604766
2007-04-09,0.01260217
2007-04-10,0.00125562
2007-04-11,-0.00632873
2007-04-12,-0.00455688
2007-04-13,0.00791083
2007-04-16,0.01488064
2007-04-17,0.00588541
2007-04-18,0.00394411
2007-04-19,-0.00373896
2007-04-20,0.01430746
2007-04-23,0.00176628
2007-04-24,-0.00716386
2007-04-25,0.00599047
2007-04-26,0.00066134
2007-04-27,-0.0084452
2007-04-30,0.00644966
2007-05-02,0.0044633
2007-05-03,0.011657
2007-05-04,0.01058727
2007-05-07,-0.00171701
2007-05-08,-0.00663004
2007-05-09,0.01536649
2007-05-10,-0.00634125
2007-05-11,0.00465813
2007-05-14,0.00076942
2007-05-15,0.00191515
2007-05-16,0.01030028
2007-05-17,0.01173322
2007-05-18,0.00796618
2007-05-21,0.00750716
2007-05-22,-0.00601789
2007-05-23,-0.00063861
2007-05-24,-0.02229822
2007-05-25,0.003757
2007-05-28,0.0135015
2007-05-29,-0.00033602
2007-05-30,-0.00154803
2007-05-31,0.01230205
2007-06-01,0.006308
2007-06-04,0.00562114
2007-06-05,-0.00512862
2007-06-06,-0.00978148
2007-06-08,-0.00435022
2007-06-11,0.01768984
2007-06-12,-0.00684199
2007-06-13,0.01110274
2007-06-14,0.01127529
2007-06-15,0.0096339
2007-06-18,0.00190836
2007-06-19,-0.00252443
2007-06-20,0.00147571
2007-06-21,0.00310821
2007-06-22,-0.00044943
2007-06-25,-0.00396113
2007-06-26,-0.00417962
2007-06-27,-0.00716122
2007-06-28,0.01430103
2007-06-29,0.00637982
2007-07-02,0.00969192
2007-07-03,0.00465684
2007-07-04,0.00472469
2007-07-05,-0.00147086
2007-07-06,0.00715425
2007-07-09,0.00020578
2007-07-10,-0.00238851
2007-07-11,0.00067288
2007-07-12,0.01391679
2007-07-13,0.00710734
2007-07-16,-0.00164128
2007-07-17,0.00340388
2007-07-18,0.00120327
2007-07-19,0.01299656
2007-07-20,-0.00535225
2007-07-23,0.0025186
2007-07-24,-0.01174113
2007-07-25,-0.0181614
2007-07-26,-0.02759563
2007-07-27,-0.00178248
2007-07-30,0.00015947
2007-07-31,0.0074248
2007-08-01,-0.02007358
2007-08-02,0.01040349
2007-08-03,-0.00884719
2007-08-06,-0.01477908
2007-08-07,0.02054472
2007-08-08,0.02037582
2007-08-09,-0.01307791
2007-08-10,-0.02263831
2007-08-13,0.01314809
2007-08-14,-0.01688489
2007-08-15,-0.02763458
2007-08-16,-0.07052777
2007-08-17,0.0217211
2007-08-20,0.02404389
2007-08-21,0.00705602
2007-08-22,0.02954584
2007-08-23,0.00638305
2007-08-24,0.01297741
2007-08-27,0.00513117
2007-08-28,-0.01668697
2007-08-29,0.00392962
2007-08-30,0.00606544
2007-08-31,0.02245104
2007-09-03,0.0061511
2007-09-04,-0.00049779
2007-09-05,-0.01314464
2007-09-06,-0.0017712
2007-09-10,-0.031571
2007-09-11,0.00583324
2007-09-12,0.00185438
2007-09-13,0.00826192
2007-09-14,0.00037015
2007-09-17,-0.00824801
2007-09-18,0.01252639
2007-09-19,0.01818113
2007-09-20,-0.005478
2007-09-21,0.00639532
2007-09-24,0.00291951
2007-09-25,-0.00115211
2007-09-26,0.01434347
2007-09-27,0.0098345
2007-09-28,0.00243073
2007-10-01,0.02044101
2007-10-02,0.00648103
2007-10-03,-0.00137051
2007-10-04,0.00134705
2007-10-05,0.01772244
2007-10-08,0.0072665
2007-10-09,0.01163988
2007-10-10,-0.00866069
2007-10-11,-0.00418633
2007-10-15,-0.00866073
2007-10-16,-0.01484565
2007-10-17,0.00421561
2007-10-18,0.00575387
2007-10-19,-0.0093239
2007-10-22,-0.00862837
2007-10-23,0.01733269
2007-10-24,-0.00507348
2007-10-25,0.00113743
2007-10-26,0.01076179
2007-10-29,0.01122639
2007-10-30,-0.00513826
2007-10-31,0.00085214
2007-11-01,-0.00565171
2007-11-05,-0.00313109
2007-11-06,0.00921841
2007-11-07,-0.01025923
2007-11-08,-0.01175502
2007-11-09,-0.01828947
2007-11-12,-0.01049065
2007-11-13,0.0045262
2007-11-14,0.01574513
2007-11-16,-0.00150839
2007-11-19,-0.01805744
2007-11-20,-3.6e-05
2007-11-21,-0.03148798
2007-11-22,0.00364357
2007-11-23,0.00253596
2007-11-26,-0.00902604
2007-11-28,0.01324479
2007-11-29,0.0119508
2007-11-30,0.02034771
2007-12-03,0.00164255
2007-12-04,-0.00420115
2007-12-05,0.00973454
2007-12-06,0.00185091
2007-12-07,0.00724314
2007-12-10,0.0049802
2007-12-11,0.00470034
2007-12-12,-0.00309273
2007-12-13,-0.02384872
2007-12-14,0.00443676
2007-12-17,-0.02324815
2007-12-18,-0.00664643
2007-12-19,0.0016745
2007-12-20,-0.00046345
2007-12-21,0.00910421
2007-12-24,-3.964e-05
2007-12-26,0.00837675
2007-12-27,-1.827e-05
2007-12-28,0.00505867
2007-12-31,1.271e-05
2008-01-02,-0.01262918
2008-01-03,-0.00468661
2008-01-04,-0.01723949
2008-01-07,-0.00372799
2008-01-08,0.01003711
2008-01-09,-0.01001764
2008-01-10,0.02271053
2008-01-11,-0.00126456
2008-01-14,-0.00070639
2008-01-15,-0.01074711
2008-01-16,-0.01640556
2008-01-17,-0.01833567
2008-01-18,-0.02163564
2008-01-21,-0.04739976
2008-01-22,0.01528028
2008-01-23,-0.02143524
2008-01-24,0.04314931
2008-01-25,-5.766e-05
2008-01-28,0.00669951
2008-01-29,0.02273023
2008-01-30,-0.00273508
2008-01-31,-0.00974986
2008-02-01,0.01791398
2008-02-06,-0.01361538
2008-02-07,-0.01341229
2008-02-08,0.00159965
2008-02-11,0.01578035
2008-02-12,0.02473617
2008-02-13,0.00430555
2008-02-14,0.00179668
2008-02-15,-0.02136936
2008-02-18,0.0217131
2008-02-19,0.01213234
2008-02-20,-0.00019094
2008-02-21,0.01318847
2008-02-22,-0.00650988
2008-02-25,0.0122877
2008-02-26,0.01448398
2008-02-27,0.01684534
2008-02-28,0.00269579
2008-02-29,-0.0143763
2008-03-03,-0.0012074
2008-03-04,-0.01101499
2008-03-05,0.01545791
2008-03-06,-0.00248619
2008-03-07,-0.01693249
2008-03-10,-0.01995609
2008-03-11,0.00835957
2008-03-12,0.01015831
2008-03-13,-0.01758374
2008-03-14,0.00500456
2008-03-17,-0.01861197
2008-03-18,0.01848084
2008-03-19,-0.01197268
2008-03-20,-0.01396611
2008-03-24,0.02455334
2008-03-25,0.00517197
2008-03-26,-0.00279735
2008-03-27,-0.00324563
2008-03-28,-0.01299334
2008-03-31,0.00356553
2008-04-01,0.02350188
2008-04-02,0.00862519
2008-04-03,0.00810622
2008-04-04,0.00532405
2008-04-07,0.00100726
2008-04-08,-0.00367838
2008-04-09,-0.01049248
2008-04-10,0.00104898
2008-04-11,-0.00677192
2008-04-14,-0.00721412
2008-04-15,0.00628093
2008-04-16,0.01444106
2008-04-17,0.00356708
2008-04-18,0.00466537
2008-04-22,-0.00308066
2008-04-23,-0.00933536
2008-04-24,-0.00813696
2008-04-25,0.00140547
2008-04-28,0.01370213
2008-04-29,-0.00954552
2008-04-30,0.02308108
2008-05-02,0.04390774
2008-05-05,0.01295868
2008-05-06,-0.00343999
2008-05-07,-0.01258562
2008-05-08,0.00345032
2008-05-09,-0.00074679
2008-05-12,0.00752853
2008-05-13,0.001928
2008-05-14,-0.00396534
2008-05-15,0.00548864
2008-05-16,0.00529785
2008-05-19,-0.00220342
2008-05-20,-0.00465973
2008-05-21,-0.00392809
2008-05-23,-0.00720914
2008-05-26,0.00562719
2008-05-27,-0.00160049
2008-05-28,0.01475723
2008-05-29,-0.00868704
2008-05-30,0.01076019
2008-06-02,-0.00888142
2008-06-03,-0.00497683
2008-06-04,-0.00637997
2008-06-05,0.01881659
2008-06-06,-0.01487436
2008-06-09,-0.00196588
2008-06-10,-0.01313998
2008-06-11,-0.00999193
2008-06-12,0.00122835
2008-06-13,0.00367354
2008-06-16,0.00381735
2008-06-17,0.0088777
2008-06-18,-0.01813408
2008-06-19,-0.0083668
2008-06-20,-0.01752548
2008-06-23,0.00555302
2008-06-24,-0.01442767
2008-06-25,0.01351442
2008-06-26,-0.01766496
2008-06-27,0.00855738
2008-06-30,0.01077747
2008-07-01,-0.01118419
2008-07-02,-0.02155507
2008-07-03,-0.02428687
2008-07-04,-0.00577071
2008-07-07,-0.00265882
2008-07-08,-0.00242482
2008-07-09,0.00101836
2008-07-10,0.0075958
2008-07-11,0.0019062
2008-07-14,0.00920916
2008-07-15,0.00240794
2008-07-16,0.02181737
2008-07-17,-0.0161224
2008-07-18,-0.00423768
2008-07-21,0.00717421
2008-07-22,-0.00724898
2008-07-23,-0.00386072
2008-07-24,-0.01520186
2008-07-25,-0.00255175
2008-07-28,-0.00429722
2008-07-29,0.01773564
2008-07-30,0.01401627
2008-07-31,-0.00270262
2008-08-01,-0.01670356
2008-08-04,-0.02211924
2008-08-05,0.01244046
2008-08-06,0.01667817
2008-08-07,-0.00998771
2008-08-08,-0.0039105
2008-08-11,-0.01841621
2008-08-12,-0.00522551
2008-08-13,-0.00272025
2008-08-14,0.0141815
2008-08-15,-0.00765597
2008-08-18,-0.00857031
2008-08-19,0.00105798
2008-08-20,0.01646034
2008-08-21,0.00080727
2008-08-22,-0.00028208
2008-08-25,-0.01135183
2008-08-26,0.00085704
2008-08-27,0.00964521
2008-08-28,0.01951067
2008-08-29,-0.00840353
2008-09-01,0.00285036
2008-09-02,-0.01152494
2008-09-03,-0.02043655
2008-09-04,-0.02803732
2008-09-05,-0.00012312
2008-09-08,-0.00765644
2008-09-09,-0.03147823
2008-09-10,0.01718603
2008-09-11,0.01983346
2008-09-12,0.00833149
2008-09-15,-0.06132721
2008-09-16,-0.00127463
2008-09-17,-0.06211718
2008-09-18,0.02576254
2008-09-19,0.07303249
2008-09-22,-0.01917906
2008-09-23,-0.03097778
2008-09-24,-0.01131103
2008-09-25,0.02755794
2008-09-26,-0.01564065
2008-09-29,-0.07131593
2008-09-30,0.04788931
2008-10-01,0.01395615
2008-10-02,-0.05129021
2008-10-03,-0.03789891
2008-10-06,-0.05850177
2008-10-07,-0.03479537
2008-10-08,-0.05958148
2008-10-09,-0.03012344
2008-10-10,-0.05072912
2008-10-13,0.12228591
2008-10-14,0.0303778
2008-10-15,-0.07439813
2008-10-16,-0.01249034
2008-10-17,0.01984344
2008-10-20,0.05679533
2008-10-21,0.00076824
2008-10-22,-0.08047582
2008-10-23,-0.03874836
2008-10-24,-0.07693841
2008-10-27,-0.05236589
2008-10-28,0.07618605
2008-10-29,0.02982873
2008-10-30,0.07022175
2008-10-31,0.012531
2008-11-03,0.0345159
2008-11-04,0.05375363
2008-11-05,-0.0304808
2008-11-06,-0.01356079
2008-11-07,0.0206135
2008-11-10,-0.00307505
2008-11-11,0.00387919
2008-11-12,-0.04521837
2008-11-13,0.0364152
2008-11-14,-0.0049556
2008-11-17,-0.00583666
2008-11-18,-0.02087238
2008-11-19,-0.00532567
2008-11-20,-7.931e-05
2008-11-21,-0.03597193
2008-11-24,0.04462077
2008-11-25,0.00290398
2008-11-26,0.03341128
2008-11-27,-0.00252438
2008-11-28,0.00611579
2008-12-01,-0.03845577
2008-12-02,0.00965056
2008-12-03,0.00046203
2008-12-04,-0.00012529
2008-12-05,0.01997536
2008-12-08,0.02368579
2008-12-09,-0.00818231
2008-12-10,-0.00085208
2008-12-11,-0.00282304
2008-12-12,-0.0032548
2008-12-15,-0.02253716
2008-12-16,0.0207978
2008-12-17,-0.00523129
2008-12-18,0.00191774
2008-12-19,-0.00241025
2008-12-22,-0.00517254
2008-12-23,-0.01211594
2008-12-24,2.531e-05
2008-12-26,-0.00293756
2008-12-29,-0.00602229
2008-12-30,0.01664624
2008-12-31,0.00128043
2009-01-02,0.0402851
2009-01-05,0.00841286
2009-01-06,0.00475212
2009-01-07,-0.0228071
2009-01-08,0.01019591
2009-01-09,0.00187604
2009-01-12,-0.02210445
2009-01-13,-0.00581935
2009-01-14,-0.02599297
2009-01-15,0.00931505
2009-01-16,0.00746847
2009-01-19,-0.00041855
2009-01-20,-0.01769643
2009-01-21,0.01843017
2009-01-22,-0.00552661
2009-01-23,0.00244202
2009-01-26,0.00084021
2009-01-27,-0.00456955
2009-01-28,0.02168662
2009-01-29,-0.00918815
2009-01-30,-0.00468373
2009-02-02,-0.00409587
2009-02-03,0.00142516
2009-02-04,0.00944087
2009-02-05,0.00641646
2009-02-06,0.0234905
2009-02-09,-0.00566093
2009-02-10,-0.01292711
2009-02-11,0.0062846
2009-02-12,-0.0042577
2009-02-13,0.01616205
2009-02-16,0.00542072
2009-02-17,-0.01848858
2009-02-18,0.00279365
2009-02-19,0.00453725
2009-02-20,-0.01351762
2009-02-25,-0.00766845
2009-02-26,0.00177241
2009-02-27,0.00217226
2009-03-02,-0.0255468
2009-03-03,0.00353431
2009-03-04,0.02703154
2009-03-05,-0.01517616
2009-03-06,-0.00069464
2009-03-09,-0.00475608
2009-03-10,0.02979954
2009-03-11,0.00370118
2009-03-12,0.00375225
2009-03-13,-0.00201483
2009-03-16,-0.00585276
2009-03-17,0.01150956
2009-03-18,0.00722352
2009-03-19,0.00083304
2009-03-20,-0.00143605
2009-03-23,0.03362714
2009-03-24,-0.01488458
2009-03-25,0.00074722
2009-03-26,0.01330799
2009-03-27,-0.00580324
2009-03-30,-0.01830403
2009-03-31,0.00749022
2009-04-01,0.00548515
2009-04-02,0.02295224
2009-04-03,0.00262195
2009-04-06,-0.00049551
2009-04-07,-0.00455647
2009-04-08,0.00701647
2009-04-09,0.01526076
2009-04-13,-0.00249643
2009-04-14,-0.00235202
2009-04-15,0.00193358
2009-04-16,0.00641921
2009-04-17,0.00788139
2009-04-20,-0.00256753
2009-04-22,0.01431885
2009-04-23,0.00950259
2009-04-24,0.0169237
2009-04-27,-0.01045777
2009-04-28,0.00809738
2009-04-29,0.02533286
2009-04-30,0.00969787
2009-05-04,0.02096157
2009-05-05,0.00174836
2009-05-06,0.00554386
2009-05-07,-0.01056695
2009-05-08,0.01375089
2009-05-11,-0.00837874
2009-05-12,-0.0001502
2009-05-13,-0.01062679
2009-05-14,0.00782995
2009-05-15,-0.00385379
2009-05-18,0.0274773
2009-05-19,-0.00343696
2009-05-20,-0.00108382
2009-05-21,-0.01262305
2009-05-22,0.00688727
2009-05-25,0.00220535
2009-05-26,0.00679642
2009-05-27,3.171e-05
2009-05-28,0.00972054
2009-05-29,0.00857401
2009-06-01,0.00654313
2009-06-02,-0.00725164
2009-06-03,-0.01449964
2009-06-04,0.00829026
2009-06-05,9.38e-06
2009-06-08,0.00027644
2009-06-09,-0.0012988
2009-06-10,0.00191242
2009-06-12,0.0062891
2009-06-15,-0.01621572
2009-06-16,-0.00177934
2009-06-17,0.0036007
2009-06-18,-0.00356488
2009-06-19,0.00924225
2009-06-22,-0.00857303
2009-06-23,0.0066217
2009-06-24,0.00180805
2009-06-25,0.0092416
2009-06-26,0.00242607
2009-06-29,0.00515513
2009-06-30,-0.00072429
2009-07-01,0.00862967
2009-07-02,-0.00113623
2009-07-03,0.00357751
2009-07-06,-0.00293554
2009-07-07,-0.0012117
2009-07-08,0.00041262
2009-07-09,-0.000366
2009-07-10,0.00294478
2009-07-13,0.00505936
2009-07-14,-0.00116405
2009-07-15,0.01292161
2009-07-16,0.00535199
2009-07-17,-0.0010459
2009-07-20,0.01320357
2009-07-21,-0.0032397
2009-07-22,-0.00670213
2009-07-23,0.00489406
2009-07-24,0.0030819
2009-07-27,0.00201315
2009-07-28,0.00345263
2009-07-29,-0.0001276
2009-07-30,0.00560058
2009-07-31,0.00952366
2009-08-03,0.00449248
2009-08-04,-0.00212479
2009-08-05,0.00261413
2009-08-06,-0.00267809
2009-08-07,0.01018508
2009-08-10,0.01248105
2009-08-11,-0.00810889
2009-08-12,0.00521755
2009-08-13,-0.00203765
2009-08-14,-0.00247312
2009-08-17,-0.00401098
2009-08-18,0.01210379
2009-08-19,0.00295921
2009-08-20,-0.0028023
2009-08-21,0.0128471
2009-08-24,0.00175467
2009-08-25,-0.00292754
2009-08-26,0.00597652
2009-08-27,-0.00398043
2009-08-28,0.00690997
2009-08-31,-0.00178818
2009-09-01,-0.00829105
2009-09-02,-0.00059507
2009-09-03,0.00108162
2009-09-04,0.00726304
2009-09-08,0.01398628
2009-09-09,0.01549627
2009-09-10,0.00045814
2009-09-11,0.00084469
2009-09-14,0.00794761
2009-09-15,0.00349748
2009-09-16,0.00847956
2009-09-17,-0.00115088
2009-09-18,0.0079552
2009-09-21,0.00525346
2009-09-22,-0.00337652
2009-09-23,-0.00965811
2009-09-24,-0.00318612
2009-09-25,0.00084589
2009-09-28,0.008791
2009-09-29,-0.00192197
2009-09-30,0.00375046
2009-10-01,-0.00775768
2009-10-02,0.00263796
2009-10-05,0.01621012
2009-10-06,0.01097846
2009-10-07,0.00124672
2009-10-08,0.00788559
2009-10-09,-5.737e-05
2009-10-13,0.00506604
2009-10-14,0.01712678
2009-10-15,0.00577686
2009-10-16,0.00053787
2009-10-19,0.02374205
2009-10-20,-0.01133683
2009-10-21,0.00840562
2009-10-22,0.00442674
2009-10-23,-0.00822254
2009-10-26,-0.00295827
2009-10-27,-0.01149947
2009-10-28,-0.02730229
2009-10-29,0.02876297
2009-10-30,-0.01446768
2009-11-03,0.01468545
2009-11-04,0.01221491
2009-11-05,0.01096505
2009-11-06,-0.00467195
2009-11-09,0.01633181
2009-11-10,-0.00146692
2009-11-11,-0.00480048
2009-11-12,-0.01528083
2009-11-13,0.01044717
2009-11-16,0.01247554
2009-11-17,-0.00034328
2009-11-18,-0.00021682
2009-11-19,-0.00307714
2009-11-20,0.00047394
2009-11-23,0.00326387
2009-11-24,0.00197569
2009-11-25,0.00685293
2009-11-26,-0.01554571
2009-11-27,0.00572518
2009-11-30,0.00279245
2009-12-01,0.01654227
2009-12-02,0.00825155
2009-12-03,-0.004635
2009-12-04,0.00195971
2009-12-07,0.0086664
2009-12-08,0.00221018
2009-12-09,0.00059296
2009-12-10,0.00811675
2009-12-11,0.00443739
2009-12-14,-0.00104718
2009-12-15,0.00023822
2009-12-16,-0.00077646
2009-12-17,-0.0067643
2009-12-18,-0.00422006
2009-12-21,0.0003557
2009-12-22,0.01095496
2009-12-23,-0.00144436
2009-12-24,-0.00091067
2009-12-28,0.00604613
2009-12-29,0.00723789
2009-12-30,0.00585065
2009-12-31,0.00075051
2010-01-04,0.01513142
2010-01-05,-0.00595168
2010-01-06,0.00499659
2010-01-07,-0.00303834
2010-01-08,-3.352e-05
2010-01-11,-0.00202132
2010-01-12,-0.00089032
2010-01-13,0.00217599
2010-01-14,0.00203563
2010-01-15,-0.00964387
2010-01-18,0.00126505
2010-01-19,0.00263432
2010-01-20,-0.01367313
2010-01-21,-0.00899123
2010-01-22,0.00603149
2010-01-25,-0.00164687
2010-01-26,-0.0059182
2010-01-27,-0.00321181
2010-01-28,0.00326959
2010-01-29,0.00088791
2010-02-01,0.00270388
2010-02-02,0.0051564
2010-02-03,0.00024235
2010-02-04,-0.02552652
2010-02-05,-0.01739238
2010-02-08,0.00377091
2010-02-09,0.0131322
2010-02-10,-0.00122217
2010-02-11,0.00719084
2010-02-12,0.00383505
2010-02-17,0.0158148
2010-02-18,0.00309632
2010-02-19,-0.0033809
2010-02-22,-0.00397694
2010-02-23,-0.00951134
2010-02-24,0.002274
2010-02-25,0.00317381
2010-02-26,0.00046287
2010-03-01,0.00718723
2010-03-02,0.00437438
2010-03-03,0.00542065
2010-03-04,-0.0044753
2010-03-05,-0.00075162
2010-03-08,-0.00592256
2010-03-09,0.00696325
2010-03-10,0.004666
2010-03-11,-0.00201932
2010-03-12,-0.00883697
2010-03-15,-0.00029087
2010-03-16,0.00641005
2010-03-17,0.00109458
2010-03-18,0.0069557
2010-03-19,-0.0025569
2010-03-22,0.00313773
2010-03-23,-0.00228797
2010-03-24,-0.00667308
2010-03-25,0.00401382
2010-03-26,0.00315638
2010-03-29,0.00351532
2010-03-30,0.00090549
2010-03-31,0.00395217
2010-04-01,0.0012874
2010-04-05,-0.00545698
2010-04-06,-0.00206961
2010-04-07,-0.00330964
2010-04-08,0.00958607
2010-04-09,-0.00054473
2010-04-12,-0.00625105
2010-04-13,0.00076051
2010-04-14,0.00342792
2010-04-15,0.00050609
2010-04-16,-0.00690828
2010-04-19,-0.00568212
2010-04-20,0.0074964
2010-04-22,0.00559465
2010-04-23,0.00546104
2010-04-26,-0.00758586
2010-04-27,-0.02013974
2010-04-28,-0.000997
2010-04-29,0.00887504
2010-04-30,0.00117841
2010-05-03,0.00278234
2010-05-04,-0.00788052
2010-05-05,-0.00062247
2010-05-06,-0.00415897
2010-05-07,-0.00626892
2010-05-10,0.02202312
2010-05-11,0.00048759
2010-05-12,0.00409988
2010-05-13,-0.00202686
2010-05-14,-0.00994171
2010-05-17,0.00916814
2010-05-18,-0.01739848
2010-05-19,-0.01396439
2010-05-20,-0.0198712
2010-05-21,0.02145398
2010-05-24,0.00146195
2010-05-25,-0.01316188
2010-05-26,0.00510263
2010-05-27,0.02431296
2010-05-28,-0.00341362
2010-05-31,0.01370947
2010-06-01,-0.00788296
2010-06-02,0.00960459
2010-06-04,-0.0098014
2010-06-07,-0.00212772
2010-06-08,0.00737918
2010-06-09,-0.00205097
2010-06-10,0.0117816
2010-06-11,0.00612335
2010-06-14,0.00626587
2010-06-15,0.01362318
2010-06-16,0.00193803
2010-06-17,-0.0023471
2010-06-18,0.00304472
2010-06-21,0.0012674
2010-06-22,0.00339793
2010-06-23,0.00029098
2010-06-24,-0.01176452
2010-06-25,0.00886016
2010-06-28,0.00315086
2010-06-29,-0.01742741
2010-06-30,-0.00712284
2010-07-01,0.00359533
2010-07-02,-0.0005257
2010-07-05,-0.00392414
2010-07-06,0.01510877
2010-07-07,0.01521952
2010-07-08,0.00507491
2010-07-09,-0.0001
2010-07-12,0.00035086
2010-07-13,0.00946522
2010-07-14,-0.00054099
2010-07-15,0.00145204
2010-07-16,-0.01371797
2010-07-19,0.00662393
2010-07-20,-0.00154018
2010-07-21,0.00136309
2010-07-22,0.01259983
2010-07-23,0.0015524
2010-07-26,0.00550952
2010-07-27,0.00094588
2010-07-28,-0.00280485
2010-07-29,0.00040022
2010-07-30,0.00421434
2010-08-02,0.00831982
2010-08-03,-0.00374715
2010-08-04,0.00108688
2010-08-05,-0.0012485
2010-08-06,-0.00482183
2010-08-09,0.00109864
2010-08-10,-0.00388188
2010-08-11,-0.0105505
2010-08-12,0.00884457
2010-08-13,0.00365938
2010-08-16,0.01202914
2010-08-17,0.00810189
2010-08-18,-0.00016688
2010-08-19,-0.00704359
2010-08-20,-0.00234868
2010-08-23,0.00034061
2010-08-24,-0.00592401
2010-08-25,-0.00412858
2010-08-26,-0.0012499
2010-08-27,0.01652964
2010-08-30,-0.00826169
2010-08-31,0.01103213
2010-09-01,0.01247725
2010-09-02,-0.00434053
2010-09-03,-0.00139545
2010-09-06,0.00011263
2010-09-08,0.00045247
2010-09-09,0.00268701
2010-09-10,0.00216904
2010-09-13,0.00808578
2010-09-14,0.00242067
2010-09-15,0.00523225
2010-09-16,-0.00058041
2010-09-17,-0.00267282
2010-09-20,0.01029189
2010-09-21,-0.00356467
2010-09-22,0.00111094
2010-09-23,0.0035632
2010-09-24,-0.00242368
2010-09-27,0.00137584
2010-09-28,0.00499184
2010-09-29,0.00600766
2010-09-30,0.00429103
2010-10-01,0.01038755
2010-10-04,0.00493036
2010-10-05,0.01577475
2010-10-06,-0.00235147
2010-10-07,-0.00885807
2010-10-08,0.01364403
2010-10-11,0.00408829
2010-10-13,0.009239
2010-10-14,-0.00199564
2010-10-15,0.00278056
2010-10-18,-0.00220727
2010-10-19,-0.01881375
2010-10-20,0.00818919
2010-10-21,0.00362897
2010-10-22,0.00197045
2010-10-25,0.00144894
2010-10-26,0.00177807
2010-10-27,-0.00465356
2010-10-28,-0.00044538
2010-10-29,0.00953516
2010-11-01,0.00758835
2010-11-03,-0.00027971
2010-11-04,0.00844431
2010-11-05,-0.00470151
2010-11-08,0.00104546
2010-11-09,-0.00780245
2010-11-10,-0.00399078
2010-11-11,-0.00188695
2010-11-12,-6.81e-06
2010-11-16,-0.01060561
2010-11-17,0.0072285
2010-11-18,0.01717717
2010-11-19,0.00596772
2010-11-22,-0.00446009
2010-11-23,-0.01778784
2010-11-24,0.0131538
2010-11-25,0.00157085
2010-11-26,-0.00933987
2010-11-29,-0.00891828
2010-11-30,-0.00717674
2010-12-01,0.00803785
2010-12-02,0.00419412
2010-12-03,-0.00208782
2010-12-06,-0.00248082
2010-12-07,0.00361373
2010-12-08,-0.00336074
2010-12-09,-0.00676344
2010-12-10,0.00339635
2010-12-13,0.00306955
2010-12-14,0.00046236
2010-12-15,-0.00347376
2010-12-16,-0.00648376
2010-12-17,0.00481323
2010-12-20,-0.00521017
2010-12-21,0.0092009
2010-12-22,0.00019618
2010-12-23,0.00572632
2010-12-24,-0.00045481
2010-12-27,-0.00516307
2010-12-28,-0.00062796
2010-12-29,0.01041947
2010-12-30,0.00629409
2010-12-31,-4.922e-05
2011-01-03,0.00573562
2011-01-04,0.00314989
2011-01-05,0.00205757
2011-01-06,-0.00499444
2011-01-07,-0.00969931
2011-01-10,0.00520713
2011-01-11,0.0032016
2011-01-12,0.00817039
2011-01-13,-0.00612908
2011-01-14,0.00050438
2011-01-17,-0.00146999
2011-01-18,-0.00165089
2011-01-19,-0.00691114
2011-01-20,-0.0065483
2011-01-21,-0.004691
2011-01-24,0.00579894
2011-01-25,0.00121742
2011-01-26,-0.00779935
2011-01-27,-0.01220045
2011-01-28,-0.01776705
2011-01-31,0.00046003
2011-02-01,0.00467695
2011-02-02,-0.01233397
2011-02-03,-0.00830615
2011-02-04,-0.01501123
2011-02-07,0.00638746
2011-02-08,0.01070511
2011-02-09,-0.01778185
2011-02-10,-0.00208843
2011-02-11,0.01510892
2011-02-14,0.00986085
2011-02-15,0.00736431
2011-02-16,0.01583983
2011-02-17,0.00538688
2011-02-18,0.00308438
2011-02-21,-0.00575874
2011-02-22,-0.00672466
2011-02-23,0.00411633
2011-02-24,0.0001922
2011-02-25,-0.00161221
2011-02-28,0.00839261
2011-03-01,-0.00712605
2011-03-02,0.00909567
2011-03-03,0.01093721
2011-03-04,-0.00078036
2011-03-09,0.00742184
2011-03-10,-0.00960068
2011-03-11,0.00463984
2011-03-14,0.00832383
2011-03-15,-0.00315393
2011-03-16,-0.01609933
2011-03-17,0.00250997
2011-03-18,0.00592386
2011-03-21,0.00554661
2011-03-22,0.01297238
2011-03-23,-2.656e-05
2011-03-24,0.00564772
2011-03-25,0.00473935
2011-03-28,-0.00483187
2011-03-29,-0.00163198
2011-03-30,0.01033706
2011-03-31,0.00976262
2011-04-01,0.01429782
2011-04-04,0.00134567
2011-04-05,-0.00146719
2011-04-06,-0.00974731
2011-04-07,0.00030078
2011-04-08,-0.00576625
2011-04-11,0.00091838
2011-04-12,-0.00833495
2011-04-13,-0.00091517
2011-04-14,-0.00527004
2011-04-15,0.00590567
2011-04-18,-0.00397629
2011-04-19,0.0027182
2011-04-20,0.00396595
2011-04-25,0.00091089
2011-04-26,0.00623999
2011-04-27,-0.00708588
2011-04-28,-0.0018697
2011-04-29,0.00620715
2011-05-02,0.00292543
2011-05-03,-0.01080101
2011-05-04,-0.00320786
2011-05-05,0.00386191
2011-05-06,0.01516097
2011-05-09,0.00113769
2011-05-10,-0.0036745
2011-05-11,-0.0068714
2011-05-12,0.00249761
2011-05-13,-0.00689413
2011-05-16,-0.00458886
2011-05-17,0.00372284
2011-05-18,-0.00405218
2011-05-19,-0.00382307
2011-05-20,-0.00197626
2011-05-23,-0.0045917
2011-05-24,0.01483243
2011-05-25,0.0033418
2011-05-26,-0.00076298
2011-05-27,0.0006011
2011-05-30,-0.00362362
2011-05-31,0.01468055
2011-06-01,-0.01033425
2011-06-02,0.00388011
2011-06-03,-0.00236068
2011-06-06,-0.00630935
2011-06-07,0.00107079
2011-06-08,-0.0038366
2011-06-09,0.00206417
2011-06-10,-0.00566033
2011-06-13,-0.00362928
2011-06-14,0.0019831
2011-06-15,-0.00481664
2011-06-16,-0.0054218
2011-06-17,-0.00483876
2011-06-20,-4.388e-05
2011-06-21,0.00618224
2011-06-22,-0.00249301
2011-06-24,0.0045912
2011-06-27,-0.00192713
2011-06-28,0.00942254
2011-06-29,0.00175013
2011-06-30,0.0035396
2011-07-01,0.00308429
2011-07-04,0.00534229
2011-07-05,-0.00986317
2011-07-06,-0.00443647
2011-07-07,-0.00650876
2011-07-08,-0.0079306
2011-07-11,-0.01660206
2011-07-12,-0.00825592
2011-07-13,0.00519239
2011-07-14,-0.00786566
2011-07-15,-0.00571054
2011-07-18,-0.00528514
2011-07-19,0.01001454
2011-07-20,0.00242799
2011-07-21,0.00837859
2011-07-22,0.00048711
2011-07-25,-0.00449218
2011-07-26,-0.00188198
2011-07-27,-0.0114846
2011-07-28,0.00901155
2011-07-29,0.0052991
2011-08-01,-0.00050994
2011-08-02,-0.01631737
2011-08-03,-0.01203894
2011-08-04,-0.02988499
2011-08-05,0.00330136
2011-08-08,-0.05403299
2011-08-09,0.02359699
2011-08-10,-0.00499248
2011-08-11,0.02448244
2011-08-12,0.01585412
2011-08-15,0.01325022
2011-08-16,-0.00163113
2011-08-17,0.00586282
2011-08-18,-0.02017395
2011-08-19,-0.00872499
2011-08-22,-0.00167929
2011-08-23,0.01319925
2011-08-24,-0.00238014
2011-08-25,-0.0037377
2011-08-26,0.00578567
2011-08-29,0.01715159
2011-08-30,0.00690414
2011-08-31,0.01448233
2011-09-01,0.02385836
2011-09-02,-0.0105096
2011-09-05,-0.01691513
2011-09-06,0.0090312
2011-09-08,0.01363105
2011-09-09,-0.01636063
2011-09-12,-0.0076129
2011-09-13,-8.737e-05
2011-09-14,0.00877317
2011-09-15,0.00464761
2011-09-16,0.01326941
2011-09-19,0.0020631
2011-09-20,-0.00703436
2011-09-21,-0.0027856
2011-09-22,-0.0269307
2011-09-23,-0.00326356
2011-09-26,0.00833228
2011-09-27,0.01126482
2011-09-28,-0.008493
2011-09-29,0.00508042
2011-09-30,-0.00642468
2011-10-03,-0.011195
2011-10-04,-0.00611893
2011-10-05,0.00630981
2011-10-06,0.01412673
2011-10-07,-0.00790353
2011-10-10,0.02451749
2011-10-11,0.00672803
2011-10-13,0.00648461
2011-10-14,0.00604859
2011-10-17,-0.00649472
2011-10-18,0.01087487
2011-10-19,0.00357262
2011-10-20,-0.0083645
2011-10-21,0.01245117
2011-10-24,0.00854838
2011-10-25,-0.00768767
2011-10-26,0.00610995
2011-10-27,0.01623642
2011-10-28,-0.00291279
2011-10-31,-0.00432447
2011-11-01,-0.00587195
2011-11-03,0.00734477
2011-11-04,0.00077546
2011-11-07,0.00577604
2011-11-08,0.00200869
2011-11-09,-0.0120767
2011-11-10,7.321e-05
2011-11-11,0.01810408
2011-11-14,-0.00152508
2011-11-16,0.00150543
2011-11-17,-0.02176442
2011-11-18,-0.00764039
2011-11-21,-0.00785768
2011-11-22,-0.00281971
2011-11-23,-0.00438083
2011-11-24,0.00536955
2011-11-25,-0.00266153
2011-11-28,0.01244764
2011-11-29,-0.00359765
2011-11-30,0.02748858
2011-12-01,0.01183543
2011-12-02,-0.00656613
2011-12-05,0.00634157
2011-12-06,0.00530332
2011-12-07,-0.00285675
2011-12-08,-0.00810807
2011-12-09,0.00378402
2011-12-12,-0.00431023
2011-12-13,0.00234908
2011-12-14,-0.00699419
2011-12-15,0.0016497
2011-12-16,0.00039221
2011-12-19,-0.00227326
2011-12-20,0.01094851
2011-12-21,-0.00095952
2011-12-22,0.00538665
2011-12-23,0.00667071
2011-12-26,-0.00135192
2011-12-27,0.00477617
2011-12-28,0.00166513
2011-12-29,0.00636552
2011-12-30,0.00052393
2012-01-02,0.00266149
2012-01-03,0.01346536
2012-01-04,-2.427e-05
2012-01-05,-0.00388015
2012-01-06,-0.00230477
2012-01-09,0.00673745
2012-01-10,0.00506445
2012-01-11,0.00155516
2012-01-12,-0.00028541
2012-01-13,-0.00596314
2012-01-16,0.00202796
2012-01-17,0.00547989
2012-01-18,0.01557981
2012-01-19,0.00256749
2012-01-20,0.0028137
2012-01-23,-0.00598737
2012-01-24,-0.00391459
2012-01-25,0.00035626
2012-01-26,0.00583783
2012-01-27,-0.00265252
2012-01-30,-0.00059932
2012-01-31,-0.00072696
2012-02-01,0.01254762
2012-02-02,0.00567471
2012-02-03,0.00953736
2012-02-06,-0.00080956
2012-02-07,0.01403535
2012-02-08,0.00503194
2012-02-09,0.00092867
2012-02-10,-0.01080125
2012-02-13,0.01149576
2012-02-14,-0.00397754
2012-02-15,0.00221759
2012-02-16,0.00923191
2012-02-17,0.0008892
2012-02-22,-0.00114857
2012-02-23,-0.0031975
2012-02-24,0.00521187
2012-02-27,-0.00578909
2012-02-28,0.0100516
2012-02-29,0.00376245
2012-03-01,0.01269732
2012-03-02,0.00354053
2012-03-05,-0.00207123
2012-03-06,-0.01484612
2012-03-07,0.00741581
2012-03-08,0.01102155
2012-03-09,0.00132151
2012-03-12,0.00420616
2012-03-13,0.00763147
2012-03-14,0.00074473
2012-03-15,-0.0049281
2012-03-16,-0.00073561
2012-03-19,0.00095742
2012-03-20,-0.00560219
2012-03-21,-0.00182089
2012-03-22,-0.0079632
2012-03-23,0.00127408
2012-03-26,0.01226821
2012-03-27,-0.00068213
2012-03-28,-0.00983724
2012-03-29,-0.00503099
2012-03-30,-0.00094995
2012-04-02,0.00986109
2012-04-03,-0.00300607
2012-04-04,-0.00636436
2012-04-05,-0.00483982
2012-04-09,-0.00753491
2012-04-10,-0.00526636
2012-04-11,-0.00216083
2012-04-12,0.01421531
2012-04-13,-0.01139808
2012-04-16,0.00010791
2012-04-17,0.00676613
2012-04-18,0.00479726
2012-04-19,0.00315604
2012-04-20,-0.00275878
2012-04-23,-0.00772493
2012-04-24,0.00074637
2012-04-25,-0.00182937
2012-04-26,0.00993922
2012-04-27,-0.00313163
2012-04-30,0.00835779
2012-05-02,0.00205746
2012-05-03,0.00611188
2012-05-04,-0.01298932
2012-05-07,0.00516857
2012-05-08,-0.00696384
2012-05-09,0.0002514
2012-05-10,0.00163247
2012-05-11,0.00621597
2012-05-14,-0.01529259
2012-05-15,-0.00875141
2012-05-16,-0.00635437
2012-05-17,-0.02280776
2012-05-18,-0.00069251
2012-05-21,0.01906251
2012-05-22,-0.00883479
2012-05-23,-0.00823544
2012-05-24,-0.0061524
2012-05-25,0.01303121
2012-05-28,0.00193576
2012-05-29,-0.00157417
2012-05-30,-0.00571453
2012-05-31,0.01675162
2012-06-01,-0.01522291
2012-06-04,0.00098742
2012-06-05,-0.00521399
2012-06-06,0.02143994
2012-06-08,0.00112803
2012-06-11,-0.0033597
2012-06-12,0.01550922
2012-06-13,0.00638754
2012-06-14,-0.00056567
2012-06-15,0.00504192
2012-06-18,0.00041625
2012-06-19,0.00877597
2012-06-20,-0.00623329
2012-06-21,-0.01703719
2012-06-22,0.0004025
2012-06-25,-0.00826676
2012-06-26,0.00485698
2012-06-27,-0.00075793
2012-06-28,0.0005483
2012-06-29,0.01559926
2012-07-02,0.00127663
2012-07-03,0.01027912
2012-07-04,0.00539368
2012-07-05,0.00406797
2012-07-06,-0.00910257
2012-07-09,-0.00072395
2012-07-10,-0.01575819
2012-07-11,-0.00043965
2012-07-12,0.0019202
2012-07-13,0.0087573
2012-07-16,-0.00690801
2012-07-17,0.00619172
2012-07-18,0.00843652
2012-07-19,0.01197335
2012-07-20,-0.01088703
2012-07-23,-0.01659553
2012-07-24,0.00838446
2012-07-25,0.00377102
2012-07-26,0.01680938
2012-07-27,0.02304005
2012-07-30,0.00524688
2012-07-31,-0.01527403
2012-08-01,0.0023487
2012-08-02,-0.00348706
2012-08-03,0.02030075
2012-08-06,0.01026964
2012-08-07,-0.00523421
2012-08-08,0.00776375
2012-08-09,-0.00657965
2012-08-10,0.00323046
2012-08-13,-0.00374298
2012-08-14,-0.00626956
2012-08-15,0.00591586
2012-08-16,0.00794911
2012-08-17,-0.00343816
2012-08-20,4.145e-05
2012-08-21,-0.00774946
2012-08-22,0.00383816
2012-08-23,-0.00919379
2012-08-24,0.0033488
2012-08-27,-0.00197635
2012-08-28,0.00532033
2012-08-29,-0.00578113
2012-08-30,-0.00184062
2012-08-31,-0.00459408
2012-09-03,0.00689479
2012-09-04,-0.00457305
2012-09-05,0.0080616
2012-09-06,0.01831731
2012-09-10,-0.00810124
2012-09-11,0.0090269
2012-09-12,0.00217459
2012-09-13,0.01064396
2012-09-14,0.00139376
2012-09-17,-0.00069359
2012-09-18,-0.00079075
2012-09-19,0.00146716
2012-09-20,0.00237094
2012-09-21,-0.00267339
2012-09-24,0.00028291
2012-09-25,-0.02026418
2012-09-26,0.00103794
2012-09-27,-0.00397589
2012-09-28,-0.01572936
2012-10-01,0.00321964
2012-10-02,-3.251e-05
2012-10-03,-0.00484264
2012-10-04,0.00445729
2012-10-05,0.00899991
2012-10-08,0.00282296
2012-10-09,-0.00833526
2012-10-10,-0.00700763
2012-10-11,0.01002652
2012-10-15,-0.00072867
2012-10-16,0.00685812
2012-10-17,0.00516628
2012-10-18,-0.0126043
2012-10-19,-0.00475373
2012-10-22,-0.00805207
2012-10-23,-0.01525739
2012-10-24,0.00809405
2012-10-25,0.00601436
2012-10-26,-0.00334395
2012-10-29,0.0027624
2012-10-30,0.00939009
2012-10-31,-0.00588826
2012-11-01,0.02148033
2012-11-05,-0.0016258
2012-11-06,0.01057891
2012-11-07,-0.00759461
2012-11-08,-0.00506954
2012-11-09,0.00133084
2012-11-12,-0.0060196
2012-11-13,0.00359981
2012-11-14,-0.010141
2012-11-16,-0.0022844
2012-11-19,0.01463055
2012-11-20,0.0015276
2012-11-21,-0.00438884
2012-11-22,0.00996513
2012-11-23,0.01115065
2012-11-26,-0.00635862
2012-11-27,-0.00735709
2012-11-28,0.00635845
2012-11-29,0.01005862
2012-11-30,-0.00266904
2012-12-03,0.0056283
2012-12-04,-0.0057908
2012-12-05,-0.00531799
2012-12-06,0.00440801
2012-12-07,0.00608398
2012-12-10,0.00297032
2012-12-11,0.00299734
2012-12-12,0.00033386
2012-12-13,-0.00428466
2012-12-14,-0.00083627
2012-12-17,-0.00047744
2012-12-18,0.00694728
2012-12-19,0.00769376
2012-12-20,-0.00013733
2012-12-21,0.00330834
2012-12-24,-6.806e-05
2012-12-26,-0.0037884
2012-12-27,3.473e-05
2012-12-28,0.00241542
2012-12-31,-9.308e-05
2013-01-02,0.01573936
2013-01-03,0.00296083
2013-01-04,-0.0075841
2013-01-07,-0.00569757
2013-01-08,-0.00584124
2013-01-09,0.00346691
2013-01-10,0.00052452
2013-01-11,-0.00059049
2013-01-14,0.0016092
2013-01-15,-0.00432108
2013-01-16,0.00103169
2013-01-17,0.00705496
2013-01-18,-0.00123031
2013-01-21,0.00529985
2013-01-22,-0.00086188
2013-01-23,-0.00169077
2013-01-24,-0.00416308
2013-01-25,0.00076101
2013-01-28,-0.00672227
2013-01-29,0.0029831
2013-01-30,-0.00971934
2013-01-31,-0.00381004
2013-02-01,0.00949777
2013-02-04,-0.00601507
2013-02-05,0.00175164
2013-02-06,-0.00933213
2013-02-07,-0.00630884
2013-02-08,-0.00242674
2013-02-13,0.00257008
2013-02-14,0.00568998
2013-02-15,0.01161938
2013-02-18,-0.00344847
2013-02-19,-0.00316949
2013-02-20,-0.00915744
2013-02-21,-0.00465743
2013-02-22,0.0101799
2013-02-25,0.00445015
2013-02-26,0.00115615
2013-02-27,0.002005
2013-02-28,0.00555359
2013-03-01,-0.003425
2013-03-04,-0.00137409
2013-03-05,-0.00076452
2013-03-06,0.01143706
2013-03-07,0.00660539
2013-03-08,0.00599134
2013-03-11,-0.00069309
2013-03-12,-0.00629093
2013-03-13,-0.00468777
2013-03-14,0.00080342
2013-03-15,-0.00381512
2013-03-18,0.00476615
2013-03-19,-0.00691754
2013-03-20,-0.00730046
2013-03-21,-0.00252933
2013-03-22,9.261e-05
2013-03-25,-0.00539526
2013-03-26,0.00889755
2013-03-27,0.0017794
2013-03-28,0.01313022
2013-04-01,-0.00293407
2013-04-02,-0.00721039
2013-04-03,0.00377047
2013-04-04,-0.00901194
2013-04-05,0.00013399
2013-04-08,0.00247723
2013-04-09,0.00870158
2013-04-10,0.00998252
2013-04-11,-0.00474158
2013-04-12,-0.00544793
2013-04-15,-0.01396924
2013-04-16,0.00985293
2013-04-17,-0.00969481
2013-04-18,0.00191373
2013-04-19,0.01098195
2013-04-22,0.00204001
2013-04-23,0.003761
2013-04-24,-6.802e-05
2013-04-25,-0.00155025
2013-04-26,-0.01501083
2013-04-29,0.00384659
2013-04-30,0.01415351
2013-05-02,-0.0014304
2013-05-03,0.00572868
2013-05-06,-0.00273719
2013-05-07,0.0045047
2013-05-08,0.00011584
2013-05-09,-0.0008706
2013-05-10,-0.00115524
2013-05-13,-0.00886887
2013-05-14,0.00674186
2013-05-15,0.00084521
2013-05-16,-0.00152089
2013-05-17,0.00697089
2013-05-20,0.00438307
2013-05-21,0.00764494
2013-05-22,0.00321315
2013-05-23,-0.00440138
2013-05-24,0.00356457
2013-05-27,-0.00105969
2013-05-28,0.0036005
2013-05-29,-0.00849156
2013-05-31,-0.00183913
2013-06-03,0.00107038
2013-06-04,-0.0008675
2013-06-05,-0.01184356
2013-06-06,-7.159e-05
2013-06-07,-0.00757679
2013-06-10,-0.00192816
2013-06-11,-0.01592809
2013-06-12,-0.00151457
2013-06-13,0.01168605
2013-06-14,-0.00615448
2013-06-17,0.00441525
2013-06-18,0.00160771
2013-06-19,-0.013727
2013-06-20,-0.00104562
2013-06-21,-0.00890084
2013-06-24,-0.01986933
2013-06-25,0.00145806
2013-06-26,0.0034471
2013-06-27,0.01093804
2013-06-28,0.00770621
2013-07-01,0.00530428
2013-07-02,-0.01819135
2013-07-03,-0.00221411
2013-07-04,0.00946622
2013-07-05,-0.00860617
2013-07-08,0.00432995
2013-07-09,0.00059235
2013-07-10,0.00507641
2013-07-11,0.01502873
2013-07-12,-0.01012349
2013-07-15,0.00462049
2013-07-16,0.00469592
2013-07-17,0.00211196
2013-07-18,0.00013909
2013-07-19,-0.00322228
2013-07-22,0.0079734
2013-07-23,-5.028e-05
2013-07-24,0.00190227
2013-07-25,0.00638093
2013-07-26,0.00164168
2013-07-29,-0.00068971
2013-07-30,-0.00069754
2013-07-31,0.00251508
2013-08-01,0.01343882
2013-08-02,-0.00446622
2013-08-05,0.0037292
2013-08-06,-0.0121506
2013-08-07,0.00230505
2013-08-08,0.0117237
2013-08-09,-0.00023688
2013-08-12,0.00728135
2013-08-13,0.00726695
2013-08-14,-0.00593982
2013-08-15,-0.00671307
2013-08-16,0.00458959
2013-08-19,-0.00366204
2013-08-20,-0.00991189
2013-08-21,0.00482198
2013-08-22,0.00647507
2013-08-23,0.00366301
2013-08-26,-0.00309305
2013-08-27,-0.01187761
2013-08-28,-0.01060931
2013-08-29,0.0062828
2013-08-30,0.00674008
2013-09-02,0.0074027
2013-09-03,-0.00343867
2013-09-04,-0.00078141
2013-09-05,-0.00030939
2013-09-06,0.00621889
2013-09-09,0.00780499
2013-09-10,0.00364886
2013-09-11,-0.00105923
2013-09-12,-0.00339494
2013-09-13,0.00519205
2013-09-16,0.0029709
2013-09-17,-0.0001968
2013-09-18,0.004827
2013-09-19,-0.00230826
2013-09-20,-0.00935235
2013-09-23,0.00221699
2013-09-24,0.00039883
2013-09-25,0.00567181
2013-09-26,0.00058826
2013-09-27,0.00747203
2013-09-30,-0.01313668
2013-10-01,0.00717997
2013-10-02,-0.00650024
2013-10-03,-0.0055248
2013-10-04,0.00580896
2013-10-07,0.00061163
2013-10-08,-0.00023331
2013-10-09,0.00019877
2013-10-10,0.0031399
2013-10-11,0.00276774
2013-10-14,0.00441963
2013-10-15,6.638e-05
2013-10-16,0.00109383
2013-10-17,0.00264605
2013-10-18,0.00657074
2013-10-21,-0.0018312
2013-10-22,0.00387816
2013-10-23,-0.006465
2013-10-24,0.00119319
2013-10-25,-0.00374471
2013-10-28,0.00420312
2013-10-29,0.00467577
2013-10-30,-0.00177146
2013-10-31,0.01247287
2013-11-01,0.00096457
2013-11-04,-0.00071972
2013-11-05,-0.0023499
2013-11-06,-0.00376185
2013-11-07,-0.00385662
2013-11-08,-0.00458212
2013-11-11,0.00902969
2013-11-12,-0.00465258
2013-11-13,0.00403058
2013-11-14,0.01091148
2013-11-18,-0.00674052
2013-11-19,-0.01383663
2013-11-20,0.00037706
2013-11-21,0.00259378
2013-11-22,-0.00248036
2013-11-25,-0.00540374
2013-11-26,0.00135923
2013-11-27,0.00749456
2013-11-28,0.00540467
2013-11-29,0.00822039
2013-12-02,-0.00503925
2013-12-03,-0.00824194
2013-12-04,-0.00389912
2013-12-05,-0.00256374
2013-12-06,0.00048144
2013-12-09,0.00139958
2013-12-10,-0.00659319
2013-12-11,-0.00609329
2013-12-12,-0.00048269
2013-12-13,-0.00279015
2013-12-16,0.00244813
2013-12-17,-0.00170597
2013-12-18,0.00581745
2013-12-19,0.00762707
2013-12-20,0.00184649
2013-12-23,-0.00038745
2013-12-24,-0.00061661
2013-12-26,-0.00296716
2013-12-27,0.00338601
2013-12-30,0.00411331
2013-12-31,0.00056306
2014-01-02,-0.00745313
2014-01-03,6.486e-05
2014-01-06,-0.00367393
2014-01-07,-0.00257419
2014-01-08,0.00432932
2014-01-09,-0.00932929
2014-01-10,0.00025168
2014-01-13,-0.00645826
2014-01-14,0.00355379
2014-01-15,-0.0004251
2014-01-16,0.00196746
2014-01-17,-0.00829357
2014-01-20,-0.00591545
2014-01-21,0.00091809
2014-01-22,0.00903199
2014-01-23,-0.00988637
2014-01-24,-0.00691361
2014-01-27,0.00096178
2014-01-28,0.00339593
2014-01-29,-0.00268487
2014-01-30,-0.00697406
2014-01-31,0.00531726
2014-02-03,-0.01560342
2014-02-04,0.00679821
2014-02-05,-0.00367889
2014-02-06,0.01518921
2014-02-07,-0.00063895
2014-02-10,-0.00124984
2014-02-11,0.01137688
2014-02-12,-0.00114967
2014-02-13,-0.00548275
2014-02-14,0.00315051
2014-02-17,-0.00565119
2014-02-18,-0.00843386
2014-02-19,0.0052617
2014-02-20,-0.0015746
2014-02-21,0.00233424
2014-02-24,-0.00141275
2014-02-25,-0.00863557
2014-02-26,0.00256465
2014-02-27,0.00637758
2014-02-28,-0.00526213
2014-03-05,-0.0094391
2014-03-06,0.00786947
2014-03-07,-0.00727118
2014-03-10,-0.00579223
2014-03-11,0.00502202
2014-03-12,-0.00104755
2014-03-13,-0.00507136
2014-03-14,-0.00991184
2014-03-17,0.0028424
2014-03-18,0.01436703
2014-03-19,0.00383923
2014-03-20,0.00543109
2014-03-21,0.00194726
2014-03-24,0.00762824
2014-03-25,0.00216576
2014-03-26,-0.00122195
2014-03-27,0.01281791
2014-03-28,0.0013547
2014-03-31,0.01075557
2014-04-01,-0.00162241
2014-04-02,0.01665718
2014-04-03,-0.00179265
2014-04-04,-0.01235949
2014-04-07,0.00514687
2014-04-08,-0.00845164
2014-04-09,-0.00443324
2014-04-10,-0.00061411
2014-04-11,0.01185042
2014-04-14,-0.0020029
2014-04-15,-0.00701523
2014-04-16,0.01022632
2014-04-17,0.01200408
2014-04-22,0.00329453
2014-04-23,-0.00747079
2014-04-24,0.00285359
2014-04-25,-0.00327855
2014-04-28,-0.00470277
2014-04-29,0.00788989
2014-04-30,0.00205959
2014-05-02,0.00845555
2014-05-05,0.00871614
2014-05-06,-0.00140114
2014-05-07,0.00272771
2014-05-08,-0.00664121
2014-05-09,-0.00226557
2014-05-12,0.01029038
2014-05-13,-0.00421203
2014-05-14,0.00452421
2014-05-15,-0.00614489
2014-05-16,0.0023613
2014-05-19,-0.00588397
2014-05-20,-0.00613805
2014-05-21,-0.00404367
2014-05-22,0.00696669
2014-05-23,2.719e-05
2014-05-26,0.00334765
2014-05-27,-0.00587254
2014-05-28,0.00651236
2014-05-29,-0.00479537
2014-05-30,-0.00695405
2014-06-02,0.00742272
2014-06-03,0.00675209
2014-06-04,-0.00150297
2014-06-05,-0.0034538
2014-06-06,0.01143952
2014-06-09,0.00979558
2014-06-10,0.00465249
2014-06-11,0.00880553
2014-06-12,-0.00044967
2014-06-13,-0.00295156
2014-06-16,0.00095022
2014-06-17,0.00131719
2014-06-18,0.0052859
2014-06-20,-0.00388269
2014-06-23,-0.00572098
2014-06-24,0.00602159
2014-06-25,-0.01207992
2014-06-26,-7.782e-05
2014-06-27,-0.00425898
2014-06-30,0.00116878
2014-07-01,-0.0013668
2014-07-02,-0.0057208
2014-07-03,0.00790628
2014-07-04,-0.00074527
2014-07-07,0.00258939
2014-07-08,-0.00148679
2014-07-09,0.00037388
2014-07-10,0.0100112
2014-07-11,0.00094799
2014-07-14,0.00602103
2014-07-15,0.00048786
2014-07-16,-0.00679634
2014-07-17,-0.00072147
2014-07-18,0.01177566
2014-07-21,0.00368622
2014-07-22,0.00452428
2014-07-23,-0.00392049
2014-07-24,0.00410173
2014-07-25,-0.00028797
2014-07-28,-0.00260301
2014-07-29,-0.00785285
2014-07-30,-0.00313613
2014-07-31,-0.00629764
2014-08-01,-0.00282488
2014-08-04,0.00896358
2014-08-05,-2.634e-05
2014-08-06,-0.00147399
2014-08-07,-0.0037996
2014-08-08,-0.00492103
2014-08-11,0.00969609
2014-08-12,-0.00209118
2014-08-13,-0.00549776
2014-08-14,0.0020159
2014-08-15,0.00939077
2014-08-18,0.00476976
2014-08-19,0.00735048
2014-08-20,-0.00054754
2014-08-21,0.00347494
2014-08-22,-0.00173201
2014-08-25,0.01214101
2014-08-26,-0.00144357
2014-08-27,0.00931329
2014-08-28,-0.00707706
2014-08-29,0.00995334
2014-09-01,-0.00084239
2014-09-02,0.00422483
2014-09-03,-0.00071173
2014-09-04,-0.00311384
2014-09-05,-0.0017123
2014-09-08,-0.00883656
2014-09-09,-0.0042823
2014-09-10,-0.00448121
2014-09-11,-0.00063072
2014-09-12,-0.00826249
2014-09-15,0.00959126
2014-09-16,0.00934146
2014-09-17,0.00145369
2014-09-18,-0.00356948
2014-09-19,-0.00794279
2014-09-22,-0.00959191
2014-09-23,0.00024096
2014-09-24,0.00488559
2014-09-25,-0.0098524
2014-09-26,0.01037069
2014-09-29,-0.01689175
2014-09-30,-0.00309996
2014-10-01,-0.01111569
2014-10-02,0.00342798
2014-10-03,0.00932422
2014-10-06,0.01952716
2014-10-07,0.00179072
2014-10-08,-0.0050648
2014-10-09,0.00275271
2014-10-10,-0.01465074
2014-10-13,0.02140388
2014-10-14,0.00123068
2014-10-15,-0.01612988
2014-10-16,-0.01571421
2014-10-17,0.01408122
2014-10-20,-0.01159472
2014-10-21,-0.01860262
2014-10-22,-0.0009999
2014-10-23,-0.01389944
2014-10-24,0.00949328
2014-10-27,-0.00197503
2014-10-28,0.02043492
2014-10-29,-0.01844809
2014-10-30,0.01138413
2014-10-31,0.03047463
2014-11-03,-0.00317557
2014-11-04,0.00325532
2014-11-05,-0.00542833
2014-11-06,-0.01265893
2014-11-07,0.00690531
2014-11-10,-0.00929364
2014-11-11,0.00309448
2014-11-12,0.00416225
2014-11-13,-0.00444825
2014-11-14,0.00373512
2014-11-17,-0.00290563
2014-11-18,0.00849123
2014-11-19,0.01193035
2014-11-20,-0.00097113
2014-11-21,0.01967473
2014-11-24,5.87e-06
2014-11-25,0.00066445
2014-11-26,-0.00613494
2014-11-27,0.00129978
2014-11-28,0.01170089
2014-12-01,-0.02725947
2014-12-02,-0.00391356
2014-12-03,0.00312763
2014-12-04,-0.00480796
2014-12-05,0.00766249
2014-12-08,-0.01509442
2014-12-09,-0.00536811
2014-12-10,-0.0020838
2014-12-11,0.00220388
2014-12-12,-0.01892523
2014-12-15,-0.00932821
2014-12-16,0.0087193
2014-12-17,0.01461686
2014-12-18,-0.00298744
2014-12-19,0.01217503
2014-12-22,0.00457031
2014-12-23,0.0094898
2014-12-24,7.122e-05
2014-12-26,-0.0075186
2014-12-29,0.00803881
2014-12-30,-0.00756359
2014-12-31,0.00055074
2015-01-02,-0.01220543
2015-01-05,-0.01092738
2015-01-06,-0.00183455
2015-01-07,0.01266368
2015-01-08,0.00493929
2015-01-09,-0.01707771
2015-01-12,-0.00407455
2015-01-13,-0.00319447
2015-01-14,-0.00769793
2015-01-15,0.00518047
2015-01-16,0.01188997
2015-01-19,-0.00974699
2015-01-20,0.00178695
2015-01-21,0.01062989
2015-01-22,-0.00124934
2015-01-23,-0.00213402
2015-01-26,-0.0056701
2015-01-27,-0.00270555
2015-01-28,-0.00402529
2015-01-29,0.01068943
2015-01-30,-0.00069714
2015-02-02,0.01087639
2015-02-03,0.00913715
2015-02-04,0.00753211
2015-02-05,0.00320938
2015-02-06,-0.00125873
2015-02-09,0.00486986
2015-02-10,-0.00233789
2015-02-11,0.00282166
2015-02-12,0.00817916
2015-02-13,0.01194975
2015-02-18,0.00908998
2015-02-19,0.00623335
2015-02-20,0.00184247
2015-02-23,0.00185515
2015-02-24,0.00242369
2015-02-25,0.00602537
2015-02-26,0.00274378
2015-02-27,-0.00662938
2015-03-02,-0.00057561
2015-03-03,0.00395614
2015-03-04,0.00339153
2015-03-05,0.00390622
2015-03-06,0.00211057
2015-03-09,-0.00204037
2015-03-10,-0.01035329
2015-03-11,0.00938562
2015-03-12,0.00370762
2015-03-13,0.00672586
2015-03-16,0.00262799
2015-03-17,0.01514338
2015-03-18,0.01360587
2015-03-19,-0.00290697
2015-03-20,0.006641
2015-03-23,-0.0056215
2015-03-24,-0.00542525
2015-03-25,0.00899674
2015-03-26,-0.0085658
2015-03-27,-0.00254923
2015-03-30,0.00894874
2015-03-31,-0.00522059
2015-04-01,0.01179181
2015-04-02,0.00348097
2015-04-06,0.00421515
2015-04-07,0.00193416
2015-04-08,-0.00514087
2015-04-09,-0.00384421
2015-04-10,0.00579021
2015-04-13,0.00138305
2015-04-14,-0.00592898
2015-04-15,0.00358005
2015-04-16,-0.00822698
2015-04-17,-0.00012298
2015-04-20,-0.00401246
2015-04-22,0.00414287
2015-04-23,0.00660604
2015-04-24,0.0039638
2015-04-27,-0.01076046
2015-04-28,0.0027648
2015-04-29,-0.0030949
2015-04-30,0.02130435
2015-05-04,0.01443275
2015-05-05,-0.00701949
2015-05-06,-0.00273756
2015-05-07,-0.00158647
2015-05-08,0.00437125
2015-05-11,0.00252348
2015-05-12,-0.00197808
2015-05-13,-0.00117348
2015-05-14,-0.00120215
2015-05-15,0.00771248
2015-05-18,-0.00325568
2015-05-19,-0.0043239
2015-05-20,-0.00492132
2015-05-21,0.00645575
2015-05-22,0.00198493
2015-05-25,0.00301572
2015-05-26,-0.00343175
2015-05-27,0.00400753
2015-05-28,0.00190578
2015-05-29,-0.0047755
2015-06-01,-0.00061361
2015-06-02,0.00705831
2015-06-03,-0.00504427
2015-06-05,-0.0028717
2015-06-08,-0.00329974
2015-06-09,-0.00241997
2015-06-10,0.01132978
2015-06-11,-0.00116726
2015-06-12,-0.00246657
2015-06-15,0.00108617
2015-06-16,-0.00411626
2015-06-17,-0.0047906
2015-06-18,0.00518661
2015-06-19,0.00132169
2015-06-22,0.00118585
2015-06-23,0.00195347
2015-06-24,0.00160415
2015-06-25,0.00337575
2015-06-26,0.00326417
2015-06-29,-0.0108064
2015-06-30,-0.00057232
2015-07-01,0.00734631
2015-07-02,-0.00086066
2015-07-03,-0.00016204
2015-07-06,-0.00250428
2015-07-07,0.00296533
2015-07-08,-0.0002121
2015-07-09,0.00111044
2015-07-10,0.00117728
2015-07-13,-0.00188501
2015-07-14,-0.00123801
2015-07-15,0.00143833
2015-07-16,0.00227111
2015-07-17,0.00206721
2015-07-20,-0.00353137
2015-07-21,-0.00916785
2015-07-22,0.00335124
2015-07-23,-0.00196219
2015-07-24,0.00203467
2015-07-27,-0.00390081
2015-07-28,0.00929677
2015-07-29,-0.00285361
2015-07-30,0.00217497
2015-07-31,0.01202233
2015-08-03,-0.00644603
2015-08-04,0.00016646
2015-08-05,0.0058517
2015-08-06,-0.00379522
2015-08-07,-0.0148257
2015-08-10,0.00208941
2015-08-11,-0.0046516
2015-08-12,-0.00572506
2015-08-13,0.00258501
2015-08-14,-0.00792458
2015-08-17,0.00257232
2015-08-18,0.00247727
2015-08-19,-0.00893743
2015-08-20,-0.0056832
2015-08-21,-0.01055981
2015-08-24,-0.01446264
2015-08-25,0.00646822
2015-08-26,0.01429684
2015-08-27,0.01706269
2015-08-28,-0.00734096
2015-08-31,-0.00889495
2015-09-01,-0.01482075
2015-09-02,0.0045697
2015-09-03,0.01229718
2015-09-04,-0.01203983
2015-09-08,0.00275099
2015-09-09,0.00297572
2015-09-10,0.00262136
2015-09-11,-0.00050066
2015-09-14,0.01420063
2015-09-15,0.00064821
2015-09-16,0.01966057
2015-09-17,6.482e-05
2015-09-18,-0.01749727
2015-09-21,-0.00474153
2015-09-22,-0.00834577
2015-09-23,-0.0078615
2015-09-24,-0.00203396
2015-09-25,-0.00429779
2015-09-28,-0.01500086
2015-09-29,0.00846446
2015-09-30,0.00568617
2015-10-01,0.00637029
2015-10-02,0.02782996
2015-10-05,0.00446519
2015-10-06,0.00784951
2015-10-07,0.01480317
2015-10-08,0.00357482
2015-10-09,0.00616613
2015-10-13,-0.02165231
2015-10-14,-0.00529053
2015-10-15,0.01221504
2015-10-16,0.00751201
2015-10-19,0.00624698
2015-10-20,-0.00594691
2015-10-21,-0.00063637
2015-10-22,0.01048819
2015-10-23,-0.00438857
2015-10-26,-0.00750437
2015-10-27,0.00170531
2015-10-28,-0.00775806
2015-10-29,-0.01294282
2015-10-30,0.00281317
2015-11-03,0.02417555
2015-11-04,-0.0015809
2015-11-05,0.00187603
2015-11-06,-0.01267307
2015-11-09,-0.0119755
2015-11-10,0.00373562
2015-11-11,0.01184451
2015-11-12,0.00122843
2015-11-13,-0.0071138
2015-11-16,-0.00136653
2015-11-17,0.00747319
2015-11-18,0.00142657
2015-11-19,0.00794068
2015-11-20,0.00012452
2015-11-23,0.00202608
2015-11-24,-0.00025776
2015-11-25,-0.01429178
2015-11-26,-0.00135726
2015-11-27,-0.01529044
2015-11-30,-0.01389253
2015-12-01,0.00438744
2015-12-02,-0.00304107
2015-12-03,0.01593321
2015-12-04,-0.01370095
2015-12-07,0.00416389
2015-12-08,-0.00862883
2015-12-09,0.01753044
2015-12-10,-0.00455289
2015-12-11,-9.256e-05
2015-12-14,-0.00953518
2015-12-15,-0.00054771
2015-12-16,0.00409532
2015-12-17,0.0065031
2015-12-18,-0.01782088
2015-12-21,-0.00520145
2015-12-22,-0.00106336
2015-12-23,0.00474088
2015-12-24,5.246e-05
2015-12-28,-0.00480647
2015-12-29,0.00261584
2015-12-30,0.00380425
2015-12-31,-0.00055789
2016-01-04,-0.02088744
2016-01-05,0.01087269
2016-01-06,-0.00559986
2016-01-07,-0.00654168
2016-01-08,-0.00280591
2016-01-11,-0.01078358
2016-01-12,-0.00408019
2016-01-13,-0.00567799
2016-01-14,0.00373062
2016-01-15,-0.00467096
2016-01-18,-0.0105423
2016-01-19,0.00631359
2016-01-20,-0.00159046
2016-01-21,0.00385826
2016-01-22,0.00152601
2016-01-25,0.00017086
2016-01-26,-0.0094624
2016-01-27,0.01271835
2016-01-28,0.00144732
2016-01-29,0.01654304
2016-02-01,0.00766869
2016-02-02,-0.01924242
2016-02-03,0.00857807
2016-02-04,0.0100737
2016-02-05,-0.00631285
2016-02-10,-0.00541885
2016-02-11,-0.01691254
2016-02-12,0.01009479
2016-02-15,0.00981968
2016-02-16,0.01534702
2016-02-17,0.00255994
2016-02-18,0.00130963
2016-02-19,0.00574058
2016-02-22,0.00655005
2016-02-23,-0.00956996
2016-02-24,-0.0055871
2016-02-25,-0.00214932
2016-02-26,0.00358634
2016-02-29,0.01619542
2016-03-01,0.01797224
2016-03-02,0.00572315
2016-03-03,0.02541239
2016-03-04,0.02254749
2016-03-07,-0.0005497
2016-03-08,0.00225735
2016-03-09,-0.0001391
2016-03-10,0.01411705
2016-03-11,-0.00560487
2016-03-14,-0.00621108
2016-03-15,-0.0127193
2016-03-16,0.00818932
2016-03-17,0.02855513
2016-03-18,-0.00055899
2016-03-21,0.00276391
2016-03-22,0.00339927
2016-03-23,-0.0112157
2016-03-24,-0.00524217
2016-03-28,0.01043308
2016-03-29,0.00208127
2016-03-30,0.00336056
2016-03-31,-0.01645649
2016-04-01,0.00837155
2016-04-04,-0.01579871
2016-04-05,0.00450651
2016-04-06,-0.01374905
2016-04-07,0.00732013
2016-04-08,0.02366968
2016-04-11,-0.0130724
2016-04-12,0.01675163
2016-04-13,0.01895184
2016-04-14,-0.00278486
2016-04-15,0.00665074
2016-04-18,0.00072851
2016-04-19,0.00880607
2016-04-20,-0.00443945
2016-04-22,-0.01108777
2016-04-25,-0.00634464
2016-04-26,0.00983779
2016-04-27,0.01795034
2016-04-28,-0.00088308
2016-04-29,-0.00603937
2016-05-02,0.00063153
2016-05-03,-0.00405113
2016-05-04,0.00264664
2016-05-05,-0.00577127
2016-05-06,-0.00147246
2016-05-09,-0.00341494
2016-05-10,0.02007136
2016-05-11,0.00130487
2016-05-12,0.01444428
2016-05-13,-0.00815121
2016-05-16,-0.00346019
2016-05-17,-0.01631585
2016-05-18,-0.00622183
2016-05-19,-0.00390647
2016-05-20,-0.0025553
2016-05-23,-0.00771014
2016-05-24,0.00420405
2016-05-25,-0.00027304
2016-05-27,-0.00149374
2016-05-30,-0.00163704
2016-05-31,0.00032929
2016-06-01,0.00875843
2016-06-02,0.01216075
2016-06-03,0.00953085
2016-06-06,-0.00089677
2016-06-07,0.00065255
2016-06-08,0.0118377
2016-06-09,-0.00344384
2016-06-10,-0.01721683
2016-06-13,-0.00108367
2016-06-14,-0.00958948
2016-06-15,0.00395836
2016-06-16,0.00489024
2016-06-17,-0.00184557
2016-06-20,0.01138258
2016-06-21,0.01211495
2016-06-22,-0.00912931
2016-06-23,0.01383655
2016-06-24,-0.01426274
2016-06-27,-0.00617736
2016-06-28,0.00263953
2016-06-29,0.01260328
2016-06-30,0.00810401
2016-07-01,0.00647062
2016-07-04,0.00226003
2016-07-05,-0.00580132
2016-07-06,-0.00536779
2016-07-07,0.00391771
2016-07-08,0.01280213
2016-07-11,0.00617681
2016-07-12,0.00396359
2016-07-13,0.0044853
2016-07-14,0.01061747
2016-07-15,0.00440695
2016-07-18,0.00909614
2016-07-19,0.003848
2016-07-20,-0.00546025
2016-07-21,-0.00041172
2016-07-22,0.0049508
2016-07-25,-0.0066579
2016-07-26,-0.0028439
2016-07-27,-0.00188135
2016-07-28,0.00420741
2016-07-29,0.0031274
2016-08-01,0.00288421
2016-08-02,-0.01371502
2016-08-03,-0.00153339
2016-08-04,0.00933559
2016-08-05,0.00308673
2016-08-08,-0.00415033
2016-08-09,0.00172086
2016-08-10,-0.00475592
2016-08-11,0.00879045
2016-08-12,-0.00676783
2016-08-15,-0.0014341
2016-08-16,-0.00552411
2016-08-17,0.00483576
2016-08-18,-0.00356303
2016-08-19,-0.00050183
2016-08-22,-0.00714631
2016-08-23,-0.00428586
2016-08-24,0.00138436
2016-08-25,0.0002835
2016-08-26,-0.0033627
2016-08-29,0.0084749
2016-08-30,0.00078343
2016-08-31,-0.00143944
2016-09-01,-0.0003913
2016-09-02,0.00767988
2016-09-05,0.00079327
2016-09-06,0.00643474
2016-09-08,-0.00239919
2016-09-09,-0.0177967
2016-09-12,0.00499019
2016-09-13,-0.01314569
2016-09-14,0.00154783
2016-09-15,0.00940591
2016-09-16,-0.00222994
2016-09-19,0.00316332
2016-09-20,0.00401205
2016-09-21,0.00064559
2016-09-22,0.00545362
2016-09-23,-0.00614521
2016-09-26,-0.0040698
2016-09-27,0.0052089
2016-09-28,0.00813358
2016-09-29,-0.00945928
2016-09-30,-0.00064099
2016-10-03,0.01051273
2016-10-04,-0.00462865
2016-10-05,0.00912168
2016-10-06,0.00326411
2016-10-07,0.00143852
2016-10-10,0.00443785
2016-10-11,-0.0039255
2016-10-13,-0.00155631
2016-10-14,0.00303488
2016-10-17,0.00427289
2016-10-18,0.01085576
2016-10-19,0.00407135
2016-10-20,0.00093331
2016-10-21,-0.0007908
2016-10-24,-0.00276157
2016-10-25,-0.00654627
2016-10-26,-0.00455789
2016-10-27,0.00125899
2016-10-28,-0.0020891
2016-10-31,0.00527799
2016-11-01,-0.01233242
2016-11-03,-0.01552493
2016-11-04,-0.00519772
2016-11-07,0.01913833
2016-11-08,0.00267458
2016-11-09,-0.01582405
2016-11-10,-0.02992506
2016-11-11,-0.01486257
2016-11-14,4.676e-05
2016-11-16,0.00451196
2016-11-17,-0.00778978
2016-11-18,-0.0041493
2016-11-21,0.00796331
2016-11-22,0.00501617
2016-11-23,-0.00165274
2016-11-24,0.00190896
2016-11-25,-0.00353985
2016-11-28,0.01130678
2016-11-29,-0.01173738
2016-11-30,0.00254892
2016-12-01,-0.02683295
2016-12-02,0.00860436
2016-12-05,-0.00193225
2016-12-06,0.00955051
2016-12-07,0.00572585
2016-12-08,-0.0076873
2016-12-09,-0.00459013
2016-12-12,-0.01618678
2016-12-13,0.0127005
2016-12-14,-0.01471163
2016-12-15,-0.00168571
2016-12-16,0.00929436
2016-12-19,-0.00402246
2016-12-20,0.00024448
2016-12-21,0.00025354
2016-12-22,0.00334604
2016-12-23,0.0062587
2016-12-26,0.00456079
2016-12-27,0.00518392
2016-12-28,0.0095145
2016-12-29,0.00416514
2016-12-30,-0.00023294
2017-01-02,-0.0026118
2017-01-03,0.02652732
2017-01-04,0.00084161
2017-01-05,0.00091995
2017-01-06,-0.00410485
2017-01-09,0.00310257
2017-01-10,-0.00154833
2017-01-11,-0.0010723
2017-01-12,0.0230563
2017-01-13,0.00298939
2017-01-16,0.00156171
2017-01-17,0.0072662
2017-01-18,-0.00942357
2017-01-19,-0.00403229
2017-01-20,0.00631838
2017-01-23,0.00355265
2017-01-24,4.844e-05
2017-01-25,0.00092059
2017-01-26,0.00280834
2017-01-27,0.00321356
2017-01-30,-0.01250011
2017-01-31,0.00779667
2017-02-01,0.00137081
2017-02-02,0.00203193
2017-02-03,0.01078792
2017-02-06,-0.00652465
2017-02-07,-0.00042783
2017-02-08,0.00080408
2017-02-09,0.0011431
2017-02-10,0.0103375
2017-02-13,-0.00090988
2017-02-14,0.00330115
2017-02-15,0.01287779
2017-02-16,-0.00376387
2017-02-17,0.00713452
2017-02-20,0.00215759
2017-02-21,0.00964964
2017-02-22,-0.00397965
2017-02-23,-0.00956911
2017-02-24,-0.00708476
2017-03-01,0.00477421
2017-03-02,-0.00927439
2017-03-03,0.00507577
2017-03-06,0.00490937
2017-03-07,-0.00352705
2017-03-08,-0.00701902
2017-03-09,-0.00311546
2017-03-10,0.00629897
2017-03-13,0.00821941
2017-03-14,-0.00681974
2017-03-15,0.00997807
2017-03-16,-0.00733695
2017-03-17,-0.00959561
2017-03-20,0.00626636
2017-03-21,-0.01516711
2017-03-22,0.00039926
2017-03-23,-0.00096066
2017-03-24,0.00115553
2017-03-27,0.00039981
2017-03-28,0.00727088
2017-03-29,0.0078498
2017-03-30,-0.00209594
2017-03-31,0.00279317
2017-04-03,-0.00165918
2017-04-04,-0.0002655
2017-04-05,-0.0020151
2017-04-06,0.00123367
2017-04-07,0.00243944
2017-04-10,0.00381007
2017-04-11,-0.00441366
2017-04-12,-0.00056908
2017-04-13,-0.00393078
2017-04-17,0.01478496
2017-04-18,-0.0010611
2017-04-19,-0.00968892
2017-04-20,0.0051446
2017-04-24,0.00181209
2017-04-25,0.01283432
2017-04-26,-0.00518141
2017-04-27,-0.00454901
2017-04-28,0.01068584
2017-05-02,0.01208206
2017-05-03,0.0014798
2017-05-04,-0.00210736
2017-05-05,0.0088932
2017-05-08,-0.0010909
2017-05-09,0.01332654
2017-05-10,0.01330094
2017-05-11,0.00257627
2017-05-12,-0.00054696
2017-05-15,0.00021932
2017-05-16,0.0075617
2017-05-17,-0.00703849
2017-05-18,-0.05070743
2017-05-19,0.0080476
2017-05-22,-0.01841427
2017-05-23,0.01128981
2017-05-24,0.01381694
2017-05-25,-0.00400432
2017-05-26,0.00902636
2017-05-29,-0.00244266
2017-05-30,-0.00150759
2017-05-31,-0.01225832
2017-06-01,-7.695e-05
2017-06-02,0.001378
2017-06-05,-0.00263668
2017-06-06,0.00842501
2017-06-07,0.00520953
2017-06-08,-0.00490305
2017-06-09,-0.00258871
2017-06-12,-0.00726587
2017-06-13,-0.00056597
2017-06-14,0.00010728
2017-06-16,-0.00078517
2017-06-19,0.00805007
2017-06-20,-0.01468791
2017-06-21,-0.0014178
2017-06-22,-0.00028409
2017-06-23,0.00261068
2017-06-26,0.00558598
2017-06-27,-0.0043003
2017-06-28,0.00311427
2017-06-29,0.00215919
2017-06-30,0.00909601
2017-07-03,0.00097538
2017-07-04,-0.00015156
2017-07-05,0.00176295
2017-07-06,-0.00752372
2017-07-07,-0.00051488
2017-07-10,0.00583764
2017-07-11,0.00563924
2017-07-12,0.01315621
2017-07-13,0.00502734
2017-07-14,-0.00014322
2017-07-17,-0.00088968
2017-07-18,-0.00040823
2017-07-19,-0.00135992
2017-07-20,0.00321425
2017-07-21,0.00425915
2017-07-24,0.00648091
2017-07-25,-0.00090038
2017-07-26,-0.00553748
2017-07-27,0.00587461
2017-07-28,-0.00128685
2017-07-31,0.00039679
2017-08-01,0.00281958
2017-08-02,0.00616023
2017-08-03,-0.00425153
2017-08-04,-0.00946731
2017-08-07,0.00966259
2017-08-08,-0.00154911
2017-08-09,-0.00355409
2017-08-10,-0.00550373
2017-08-11,0.00829188
2017-08-14,0.00686916
2017-08-15,0.0039735
2017-08-16,0.00091182
2017-08-17,-0.00680503
2017-08-18,0.00143195
2017-08-21,0.00052926
2017-08-22,0.01128796
2017-08-23,0.00600553
2017-08-24,0.00245279
2017-08-25,0.00113098
2017-08-28,0.00036449
2017-08-29,0.00302292
2017-08-30,0.00442784
2017-08-31,0.00095018
2017-09-01,0.00241583
2017-09-04,0.00198529
2017-09-05,0.00622579
2017-09-06,0.01436618
2017-09-08,0.00358086
2017-09-11,0.00942534
2017-09-12,0.00303726
2017-09-13,0.00345187
2017-09-14,0.00360167
2017-09-15,0.01011962
2017-09-18,0.00421805
2017-09-19,-0.00231548
2017-09-20,-0.00164885
2017-09-21,-0.00549191
2017-09-22,-0.00675369
2017-09-25,-0.01295623
2017-09-26,0.0019166
2017-09-27,-0.00768129
2017-09-28,-0.00043905
2017-09-29,0.01116104
2017-10-02,-0.00089187
2017-10-03,0.01788425
2017-10-04,-0.00014034
2017-10-05,-0.00207805
2017-10-06,-0.00574244
2017-10-09,-0.00167199
2017-10-10,0.01123783
2017-10-11,-0.00383878
2017-10-13,-0.00477502
2017-10-16,-0.00558118
2017-10-17,-0.00816418
2017-10-18,0.01232078
2017-10-19,-0.00844079
2017-10-20,-0.00016381
2017-10-23,-0.01089551
2017-10-24,0.00914695
2017-10-25,0.00256866
2017-10-26,-0.00917863
2017-10-27,0.0020303
2017-10-30,-0.01188874
2017-10-31,-0.00290342
2017-11-01,-0.00060021
2017-11-03,0.00525106
2017-11-06,0.00133691
2017-11-07,-0.01534426
2017-11-08,0.01412681
2017-11-09,-0.01342139
2017-11-10,-0.0075754
2017-11-13,-0.00040072
2017-11-14,-0.01077592
2017-11-16,0.01658656
2017-11-17,0.01364329
2017-11-20,-0.00038107
2017-11-21,0.01134562
2017-11-22,-0.00220811
2017-11-23,0.00071835
2017-11-24,0.00356539
2017-11-27,0.00048249
2017-11-28,-0.00037117
2017-11-29,-0.01090547
2017-11-30,-0.00321389
2017-12-01,-0.00083861
2017-12-04,0.00535073
2017-12-05,-0.00358252
2017-12-06,0.00604088
2017-12-07,-0.00564067
2017-12-08,-0.00012936
2017-12-11,0.00431529
2017-12-12,0.00883402
2017-12-13,0.00032913
2017-12-14,-0.00368923
2017-12-15,0.00048892
2017-12-18,0.00196066
2017-12-19,-0.00301141
2017-12-20,0.00267454
2017-12-21,0.01333794
2017-12-22,0.00048387
2017-12-26,0.0049389
2017-12-27,0.00437815
2017-12-28,0.00363673
2017-12-29,-0.00016769
2018-01-02,0.00673452
2018-01-03,0.00139692
2018-01-04,0.0040448
2018-01-05,0.00518049
2018-01-08,0.00033754
2018-01-09,-0.00397295
2018-01-10,-0.00682148
2018-01-11,0.01094348
2018-01-12,-0.00218412
2018-01-15,0.00518872
2018-01-16,-0.00348505
2018-01-17,0.0091788
2018-01-18,-0.00462915
2018-01-19,0.00066821
2018-01-22,-0.00195051
2018-01-23,-0.00993583
2018-01-24,0.01528847
2018-01-25,0.00070814
2018-01-26,0.0160822
2018-01-29,-0.00500552
2018-01-30,-0.00228105
2018-01-31,0.00154716
2018-02-01,0.00743953
2018-02-02,-0.00711842
2018-02-05,-0.02149734
2018-02-06,0.00640941
2018-02-07,-0.0099351
2018-02-08,-0.00815704
2018-02-09,-0.00705307
2018-02-14,0.02342812
2018-02-15,0.00588112
2018-02-16,0.00218536
2018-02-19,0.00503918
2018-02-20,0.00258068
2018-02-21,0.00606207
2018-02-22,0.0005683
2018-02-23,0.00753124
2018-02-26,0.00409795
2018-02-27,-0.01521351
2018-02-28,-0.00790483
2018-03-01,0.00430073
2018-03-02,0.00235821
2018-03-05,0.00254441
2018-03-06,-0.00375877
2018-03-07,0.00071473
2018-03-08,-0.00681199
2018-03-09,0.01287947
2018-03-12,0.00515763
2018-03-13,-0.00547047
2018-03-14,-0.00353004
2018-03-15,-0.00869987
2018-03-16,-0.00850545
2018-03-19,-0.00818435
2018-03-20,0.00091292
2018-03-21,0.00067169
2018-03-22,0.00040636
2018-03-23,-0.01146118
2018-03-26,0.00592151
2018-03-27,-0.01000553
2018-03-28,-0.00414958
2018-03-29,0.01237731
2018-04-02,-0.00794385
2018-04-03,-0.0061171
2018-04-04,-0.00187859
2018-04-05,0.00864027
2018-04-06,-0.00234218
2018-04-09,-0.0088187
2018-04-10,0.00686044
2018-04-11,-0.00453327
2018-04-12,0.01094849
2018-04-13,-0.00275008
2018-04-16,-0.01245537
2018-04-17,0.00894326
2018-04-18,0.00582864
2018-04-19,-0.00805692
2018-04-20,-0.00327761
2018-04-23,0.01008673
2018-04-24,-0.00156592
2018-04-25,-0.00353075
2018-04-26,0.00846039
2018-04-27,-0.00081362
2018-04-30,-0.00303683
2018-05-02,-0.01250941
2018-05-03,-0.00710535
2018-05-04,0.00374723
2018-05-07,-0.00241267
2018-05-08,-0.0010183
2018-05-09,0.00118667
2018-05-10,0.00890251
2018-05-11,-0.01736618
2018-05-14,-0.00520986
2018-05-15,-0.00038265
2018-05-16,0.01163081
2018-05-17,-0.01805522
2018-05-18,-0.0054147
2018-05-21,-0.00480774
2018-05-22,0.01847796
2018-05-23,-0.00794903
2018-05-24,0.0091902
2018-05-25,-0.01351217
2018-05-28,-0.02415213
2018-05-29,-0.00832453
2018-05-30,0.01067832
2018-06-01,0.01213969
2018-06-04,0.01059484
2018-06-05,-0.00717928
2018-06-06,-0.00560371
2018-06-07,-0.03015051
2018-06-08,-0.00319597
2018-06-11,-0.00330519
2018-06-12,0.00436405
2018-06-13,-0.00764138
2018-06-14,-0.00119818
2018-06-15,-0.00875885
2018-06-18,-0.00895969
2018-06-19,0.0051368
2018-06-20,0.00744771
2018-06-21,-0.01658369
2018-06-22,0.00528605
2018-06-25,0.00139512
2018-06-26,0.00991609
2018-06-27,-0.01536233
2018-06-28,0.01320157
2018-06-29,0.00492707
2018-07-02,0.00033525
2018-07-03,0.0136515
2018-07-04,0.00723622
2018-07-05,0.00610344
2018-07-06,0.01247434
2018-07-09,-0.00066366
2018-07-10,-0.00146867
2018-07-11,-0.00289093
2018-07-12,0.02139222
2018-07-13,0.00934175
2018-07-16,0.00056207
2018-07-17,0.01753068
2018-07-18,0.00024904
2018-07-19,0.00657588
2018-07-20,0.0037357
2018-07-23,-0.0113939
2018-07-24,0.01028596
2018-07-25,0.0056317
2018-07-26,-0.00798967
2018-07-27,-0.00350955
2018-07-30,-0.00111733
2018-07-31,-0.00564888
2018-08-01,0.00126197
2018-08-02,0.00077192
2018-08-03,0.01591622
2018-08-06,-0.0017892
2018-08-07,-0.0063124
2018-08-08,-0.00733258
2018-08-09,0.00211865
2018-08-10,-0.02220765
2018-08-13,0.00459016
2018-08-14,0.01018716
2018-08-15,-0.01900394
2018-08-16,-0.00409137
2018-08-17,-0.00755965
2018-08-20,0.00310575
2018-08-21,-0.00765795
2018-08-22,0.02210285
2018-08-23,-0.0116177
2018-08-24,0.01016305
2018-08-27,0.01674995
2018-08-28,0.0026377
2018-08-29,0.00337205
2018-08-30,-0.02454788
2018-08-31,-0.00153018
2018-09-03,-0.00231332
2018-09-04,-0.01274036
2018-09-05,-0.00356991
2018-09-06,0.00848086
2018-09-10,-0.00049343
2018-09-11,-0.01468767
2018-09-12,0.00288444
2018-09-13,-0.00042982
2018-09-14,0.011129
2018-09-17,0.00884562
2018-09-18,0.01321856
2018-09-19,0.0025268
2018-09-20,0.00339453
2018-09-21,0.01097745
2018-09-24,-0.00826752
2018-09-25,0.0034594
2018-09-26,0.00201801
2018-09-27,0.01326628
2018-09-28,-0.00562155
2018-10-01,-0.01099663
2018-10-02,0.02313947
2018-10-03,0.01153564
2018-10-04,-0.00469343
2018-10-05,-0.01051065
2018-10-08,0.02335002
2018-10-09,0.00265342
2018-10-10,-0.02018813
2018-10-11,-0.01049004
2018-10-15,-0.00810574
2018-10-16,0.0252532
2018-10-17,0.0056699
2018-10-18,-0.01404099
2018-10-19,0.00182435
2018-10-22,0.01999198
2018-10-23,0.00469903
2018-10-24,-0.01888981
2018-10-25,0.00729501
2018-10-26,0.00798149
2018-10-29,-0.02239186
2018-10-30,0.03175856
2018-10-31,0.01397705
2018-11-01,0.01096879
2018-11-05,0.01474592
2018-11-06,-0.01259555
2018-11-07,-0.00712181
2018-11-08,-0.0213455
2018-11-09,-0.00554696
2018-11-12,-0.00675977
2018-11-13,0.00622301
2018-11-14,0.0223642
2018-11-16,0.02195808
2018-11-19,-0.01530102
2018-11-20,-0.00691653
2018-11-21,-0.0040756
2018-11-22,0.00370817
2018-11-23,-0.01214392
2018-11-26,-0.00200803
2018-11-27,0.01884824
2018-11-28,0.01148296
2018-11-29,0.00797746
2018-11-30,0.00542601
2018-12-03,0.01140865
2018-12-04,-0.01452458
2018-12-05,0.00307651
2018-12-06,0.00118485
2018-12-07,-0.00478922
2018-12-10,-0.01459523
2018-12-11,0.00336283
2018-12-12,0.00799406
2018-12-13,-0.00377539
2018-12-14,-0.0028229
2018-12-17,-0.01881151
2018-12-18,0.00496931
2018-12-19,-0.00691159
2018-12-20,-0.00782784
2018-12-21,0.00687982
2018-12-24,-0.00762334
2018-12-26,-0.00035388
2018-12-27,0.00399708
2018-12-28,0.02089375
2018-12-31,-0.00051571
2019-01-02,0.02330375
2019-01-03,0.00236947
2019-01-04,0.00529326
2019-01-07,-0.00798075
2019-01-08,0.00371994
2019-01-09,0.02094064
2019-01-10,0.0025995
2019-01-11,0.00180742
2019-01-14,0.00560233
2019-01-15,-0.00128788
2019-01-16,0.00851962
2019-01-17,0.01054068
2019-01-18,0.00852866
2019-01-21,0.00213311
2019-01-22,-0.01204124
2019-01-23,0.0166829
2019-01-24,0.01766204
2019-01-25,0.0009893
2019-01-28,-0.00687228
2019-01-29,-0.00427661
2019-01-30,0.0099474
2019-01-31,-0.00872703
2019-02-01,0.00423617
2019-02-04,0.00574848
2019-02-05,-0.00046099
2019-02-06,-0.02255001
2019-02-07,-0.00876428
2019-02-08,0.0008561
2019-02-11,-0.00656931
2019-02-12,0.00491583
2019-02-13,-0.00158635
2019-02-14,0.0115045
2019-02-15,-0.00357981
2019-02-18,0.00112148
2019-02-19,0.01099296
2019-02-20,-0.00942288
2019-02-21,-0.00164432
2019-02-22,0.01160944
2019-02-25,0.00056544
2019-02-26,-0.00050961
2019-02-27,0.01382098
2019-02-28,-0.00426634
2019-03-01,-0.00745044
2019-03-06,0.00039708
2019-03-07,-0.00448764
2019-03-08,0.01068194
2019-03-11,0.02065784
2019-03-12,-0.00536309
2019-03-13,0.0080041
2019-03-14,-0.00733797
2019-03-15,0.00011426
2019-03-18,0.00482384
2019-03-19,0.00361718
2019-03-20,-0.00536299
2019-03-21,-0.00225953
2019-03-22,-0.01807899
2019-03-25,-0.00291197
2019-03-26,0.01262899
2019-03-27,-0.02641593
2019-03-28,0.01456345
2019-03-29,0.01469189
2019-04-01,0.00629881
2019-04-02,-0.00290854
2019-04-03,-0.00557326
2019-04-04,0.01136455
2019-04-05,0.00366796
2019-04-08,-0.0058567
2019-04-09,-0.01197365
2019-04-10,0.00341188
2019-04-11,-0.01052089
2019-04-12,-0.01084686
2019-04-15,0.00508441
2019-04-16,0.004126
2019-04-17,-0.00487817
2019-04-18,0.01069804
2019-04-22,0.00146566
2019-04-23,0.00755243
2019-04-24,-0.00455622
2019-04-25,0.02060627
2019-04-26,0.00058127
2019-04-29,0.00378067
2019-04-30,-0.00437289
2019-05-02,-0.00725757
2019-05-03,0.01909177
2019-05-06,-0.00672783
2019-05-07,-0.00802139
2019-05-08,0.007053
2019-05-09,0.00309263
2019-05-10,0.00376278
2019-05-13,-0.02262343
2019-05-14,0.00841138
2019-05-15,-0.0055507
2019-05-16,-0.00719511
2019-05-17,-0.00179391
2019-05-20,0.01751124
2019-05-21,0.01665099
2019-05-22,0.00529442
2019-05-23,-0.00563691
2019-05-24,-0.0030667
2019-05-27,0.01475312
2019-05-28,0.01337627
2019-05-29,-0.00126773
2019-05-30,0.00413928
2019-05-31,-0.00330193
2019-06-03,-0.00727831
2019-06-04,-0.00153633
2019-06-05,-0.00738006
2019-06-06,0.01066861
2019-06-07,0.01715336
2019-06-10,-0.0001555
2019-06-11,0.00984261
2019-06-12,-0.00411585
2019-06-13,0.01337742
2019-06-14,-0.00675483
2019-06-17,0.00166132
2019-06-18,0.01217123
2019-06-19,0.00962697
2019-06-21,0.00847567
2019-06-24,-0.00032738
2019-06-25,-0.02136656
2019-06-26,0.00027197
2019-06-27,0.00557824
2019-06-28,0.00714938
2019-07-01,0.00096401
2019-07-02,-3.956e-05
2019-07-03,0.00760795
2019-07-04,0.01103823
2019-07-05,0.00981674
2019-07-08,0.00509788
2019-07-09,0.00149287
2019-07-10,0.01462787
2019-07-11,-0.01599589
2019-07-12,-0.00937071
2019-07-15,0.00170486
2019-07-16,0.00335366
2019-07-17,0.0066796
2019-07-18,0.00931077
2019-07-19,-0.01327624
2019-07-22,-0.00401801
2019-07-23,-0.00306972
2019-07-24,0.00400842
2019-07-25,-0.00625353
2019-07-26,0.01323267
2019-07-29,0.00793526
2019-07-30,0.00877375
2019-07-31,-0.00323111
2019-08-01,0.01110594
2019-08-02,0.00549285
2019-08-05,-0.02573006
2019-08-06,0.02781617
2019-08-07,0.0047572
2019-08-08,0.0253054
2019-08-09,0.00148479
2019-08-12,-0.02484548
2019-08-13,0.01342311
2019-08-14,-0.03287847
2019-08-15,-0.01653002
2019-08-16,0.01064713
2019-08-19,-0.00386095
2019-08-20,-0.00295096
2019-08-21,0.01648966
2019-08-22,-0.01071551
2019-08-23,-0.02030068
2019-08-26,-0.01605422
2019-08-27,0.01179624
2019-08-28,0.01386966
2019-08-29,0.02057434
2019-08-30,0.00473131
2019-09-02,0.00483163
2019-09-03,-0.0157861
2019-09-04,-0.00132562
2019-09-05,0.00716289
2019-09-06,-0.00695855
2019-09-09,-0.01156259
2019-09-10,-0.00087891
2019-09-11,0.02221817
2019-09-12,0.00745658
2019-09-13,-0.00839652
2019-09-16,0.00384528
2019-09-17,0.01148638
2019-09-18,-0.00229033
2019-09-19,0.00882441
2019-09-20,-0.0024824
2019-09-23,-0.00376197
2019-09-24,-0.00147778
2019-09-25,0.00082868
2019-09-26,0.00642388
2019-09-27,-0.00578372
2019-09-30,0.00033701
2019-10-01,-0.00162552
2019-10-02,-0.01872711
2019-10-03,0.00744844
2019-10-04,0.01283357
2019-10-07,-0.02219571
2019-10-08,-0.01441566
2019-10-09,0.00716842
2019-10-10,0.00565321
2019-10-11,0.020208
2019-10-14,0.00668091
2019-10-15,0.00418221
2019-10-16,-0.0004574
2019-10-17,0.00670839
2019-10-18,-0.00210243
2019-10-21,0.0074724
2019-10-22,-0.00174127
2019-10-23,-0.00675314
2019-10-24,-0.01216167
2019-10-25,0.00355466
2019-10-28,-0.00513529
2019-10-29,-0.00284854
2019-10-30,0.01205974
2019-10-31,-0.00350711
2019-11-01,0.01434784
2019-11-04,0.00241614
2019-11-05,-0.00702465
2019-11-06,0.00859905
2019-11-07,0.02286141
2019-11-08,-0.00651622
2019-11-11,0.00806463
2019-11-12,-0.01441734
2019-11-13,0.00035322
2019-11-14,0.01800423
2019-11-18,-0.00522129
2019-11-19,0.00025752
2019-11-20,0.00289767
2019-11-21,0.02031641
2019-11-22,0.00881074
2019-11-25,0.00076987
2019-11-26,0.0004367
2019-11-27,0.00111759
2019-11-28,0.0051613
2019-11-29,-0.00229806
2019-12-02,0.00584518
2019-12-03,0.00424227
2019-12-04,0.00291243
2019-12-05,0.00304852
2019-12-06,0.00920802
2019-12-09,-0.00766571
2019-12-10,0.00814398
2019-12-11,0.01171757
2019-12-12,0.01050156
2019-12-13,0.01436146
2019-12-16,0.00539944
2019-12-17,-0.00393529
2019-12-18,0.00653882
2019-12-19,0.01045386
2019-12-20,0.00446536
2019-12-23,0.00622625
2019-12-24,0.00226288
2019-12-26,0.00910408
2019-12-27,-0.00689543
2019-12-30,-0.00639934
2019-12-31,-0.0021382
2020-01-02,0.02221237
2020-01-03,0.00510067
2020-01-06,-0.00668363
2020-01-07,0.01126147
2020-01-08,-0.00109495
2020-01-09,0.00821053
2020-01-10,0.00625494
2020-01-13,0.01883126
2020-01-14,-0.00289313
2020-01-15,0.00074753
2020-01-16,0.00247217
2020-01-17,0.00661056
2020-01-20,0.00696874
2020-01-21,-0.01147206
2020-01-22,0.01738018
2020-01-23,0.00703051
2020-01-24,-0.00743473
2020-01-27,-0.03383075
2020-01-28,0.02501294
2020-01-29,-0.00112645
2020-01-30,0.00091953
2020-01-31,-0.01779995
2020-02-03,0.01353152
2020-02-04,0.01168193
2020-02-05,-0.00430744
2020-02-06,-0.0155524
2020-02-07,-0.02567305
2020-02-10,-0.01272432
2020-02-11,0.03107099
2020-02-12,0.02477543
2020-02-13,0.00240754
2020-02-14,-0.00174018
2020-02-17,0.00605078
2020-02-18,-0.00756097
2020-02-19,0.00948606
2020-02-20,-0.01297781
2020-02-21,-0.01048549
2020-02-26,-0.07694136
2020-02-27,-0.02928203
2020-02-28,0.0116332
2020-03-02,0.02534045
2020-03-03,-0.0043537
2020-03-04,0.02293976
2020-03-05,-0.0543592
2020-03-06,-0.04418653
2020-03-09,-0.12088761
2020-03-10,0.08280984
2020-03-11,-0.08648201
2020-03-12,-0.17310827
2020-03-13,0.11843688
2020-03-16,-0.17403485
2020-03-17,0.03986329
2020-03-18,-0.13806949
2020-03-19,0.04737663
2020-03-20,-0.0107745
2020-03-23,-0.06134167
2020-03-24,0.0919862
2020-03-25,0.07960949
2020-03-26,0.04631253
2020-03-27,-0.04469288
2020-03-30,-0.00949981
2020-03-31,-0.01945363
2020-04-01,-0.0481957
2020-04-02,0.01931448
2020-04-03,-0.0342238
2020-04-06,0.06659052
2020-04-07,0.03133303
2020-04-08,0.03009824
2020-04-09,-0.01988862
2020-04-13,0.00566715
2020-04-14,0.02531384
2020-04-15,0.00862929
2020-04-16,0.00459594
2020-04-17,0.01570338
2020-04-20,0.01121147
2020-04-22,0.02631073
2020-04-23,-0.00337214
2020-04-24,-0.04242148
2020-04-27,0.03732442
2020-04-28,0.01717116
2020-04-29,0.02059055
2020-04-30,-0.02795307
2020-05-04,-0.02009603
2020-05-05,0.00102694
2020-05-06,0.02465024
2020-05-07,0.00487668
2020-05-08,0.01591152
2020-05-11,-0.01780182
2020-05-12,-0.01911382
2020-05-13,0.00166024
2020-05-14,0.01527518
2020-05-15,-0.01753595
2020-05-18,0.04374087
2020-05-19,0.00473033
2020-05-20,0.01040188
2020-05-21,0.01408344
2020-05-22,-0.00912352
2020-05-25,0.0170103
2020-05-26,0.00048134
2020-05-27,0.03418738
2020-05-28,-0.01332676
2020-05-29,0.00327347
2020-06-01,0.01518952
2020-06-02,0.01954453
2020-06-03,0.02495007
2020-06-04,0.00146547
2020-06-05,0.01034037
2020-06-08,0.02266088
2020-06-09,-0.006432
2020-06-10,-0.01413539
2020-06-12,-0.01086427
2020-06-15,0.01030386
2020-06-16,0.01563602
2020-06-17,0.02348818
2020-06-18,0.00880836
2020-06-19,0.00815754
2020-06-22,-0.00552648
2020-06-23,0.00416283
2020-06-24,-0.00972913
2020-06-25,0.01326681
2020-06-26,-0.02148083
2020-06-29,0.01207165
2020-06-30,0.00154867
2020-07-01,0.00882584
2020-07-02,0.00782062
2020-07-03,0.00284507
2020-07-06,0.0201968
2020-07-07,-0.00857662
2020-07-08,0.02068021
2020-07-09,-0.00393774
2020-07-10,0.00600384
2020-07-13,-0.0235205
2020-07-14,0.01334408
2020-07-15,0.00833345
2020-07-16,-0.01132857
2020-07-17,0.02019484
2020-07-20,0.0204628
2020-07-21,-0.00932073
2020-07-22,0.00089203
2020-07-23,-0.01502688
2020-07-24,-0.00189468
2020-07-27,0.02369372
2020-07-28,-0.00614566
2020-07-29,0.02796991
2020-07-30,0.01906871
2020-07-31,-0.00589687
2020-08-03,0.00294851
2020-08-04,-0.00749083
2020-08-05,0.02472643
2020-08-06,0.00923659
2020-08-07,-0.01526176
2020-08-10,-0.00423216
2020-08-11,-0.01642052
2020-08-12,0.00242311
2020-08-13,-0.00316258
2020-08-14,0.02234278
2020-08-17,-0.01086374
2020-08-18,0.02318084
2020-08-19,-0.00612314
2020-08-20,0.01109498
2020-08-21,-0.00306679
2020-08-24,0.00646299
2020-08-25,-0.00314583
2020-08-26,-0.00730931
2020-08-27,-0.00259472
2020-08-28,0.01305171
2020-08-31,-0.02146281
2020-09-01,0.02501176
2020-09-02,-0.01086343
2020-09-03,-0.02102861
2020-09-04,0.00144828
2020-09-08,-0.010636
2020-09-09,0.02009894
2020-09-10,-0.02280865
2020-09-11,-0.0001756
2020-09-14,0.01883857
2020-09-15,0.00744732
2020-09-16,-0.01303906
2020-09-17,0.00343326
2020-09-18,-0.01050359
2020-09-21,-0.01090403
2020-09-22,0.00804501
2020-09-23,-0.00747509
2020-09-24,0.00043173
2020-09-25,0.00613301
2020-09-28,-0.01715852
2020-09-29,-0.0050312
2020-09-30,0.01249076
2020-10-01,0.00388991
2020-10-02,-0.01177592
2020-10-05,0.01048515
2020-10-06,-0.0032415
2020-10-07,0.00435825
2020-10-08,0.01428108
2020-10-09,0.00435892
2020-10-13,0.00912756
2020-10-14,0.0077789
2020-10-15,0.00786213
2020-10-16,0.00082576
2020-10-19,0.00186715
2020-10-20,0.01763362
2020-10-21,-0.00262729
2020-10-22,0.0039743
2020-10-23,-0.00092632
2020-10-26,-0.0080199
2020-10-27,0.00175223
2020-10-28,-0.03096226
2020-10-29,0.00723576
2020-10-30,-0.03071684
2020-11-03,0.02764114
2020-11-04,0.02113448
2020-11-05,0.03867816
2020-11-06,0.00203886
2020-11-09,-0.00859513
2020-11-10,-0.00793741
2020-11-11,0.00491193
2020-11-12,-0.01497012
2020-11-13,0.02522746
2020-11-16,0.01306049
2020-11-17,-0.00115445
2020-11-18,-0.0181813
2020-11-19,0.0069627
2020-11-20,0.00081439
2020-11-23,0.01578103
2020-11-24,0.00849272
2020-11-25,0.01081618
2020-11-26,0.00425243
2020-11-27,0.00994372
2020-11-30,-0.01216344
2020-12-01,0.0047971
2020-12-02,-0.00734846
2020-12-03,-0.00721875
2020-12-04,0.01695013
2020-12-07,-0.00909478
2020-12-08,0.00840638
2020-12-09,-0.01004145
2020-12-10,0.00469831
2020-12-11,0.00481554
2020-12-14,0.00100998
2020-12-15,0.01740522
2020-12-16,0.01410529
2020-12-17,0.00360044
2020-12-18,0.00162102
2020-12-21,-0.01753144
2020-12-22,0.00331905
2020-12-23,0.00868869
2020-12-24,0.00033903
2020-12-28,0.00538116
2020-12-29,0.00188983
2020-12-30,0.00777854
2020-12-31,-0.0030573
2021-01-04,0.00174533
2021-01-05,-0.00069246
2021-01-06,-0.02748137
2021-01-07,0.02330898
2021-01-08,0.02968134
2021-01-11,-0.01420623
2021-01-12,0.01715329
2021-01-13,-0.00524908
2021-01-14,0.01112254
2021-01-15,-0.01906409
2021-01-18,0.00908455
2021-01-19,0.00584037
2021-01-20,-0.00480632
2021-01-21,-0.01470362
2021-01-22,-0.00716742
2021-01-25,-0.00735579
2021-01-26,-0.00319799
2021-01-27,-0.01661014
2021-01-28,0.02844948
2021-01-29,-0.02991427
2021-02-01,0.02698504
2021-02-02,0.00644215
2021-02-03,0.01332104
2021-02-04,0.00040566
2021-02-05,0.00941345
2021-02-08,0.00784772
2021-02-09,-0.00314409
2021-02-10,-0.00886476
2021-02-11,0.01831325
2021-02-12,0.00036207
2021-02-17,-0.00345022
2021-02-18,-0.00993032
2021-02-19,0.00948918
2021-02-22,-0.037689
2021-02-23,0.00714082
2021-02-24,-0.00199458
2021-02-25,-0.03081259
2021-02-26,-0.01476653
2021-03-01,0.01122842
2021-03-02,-0.00038809
2021-03-03,-0.01085486
2021-03-04,0.0069094
2021-03-05,0.02534536
2021-03-08,-0.04515434
2021-03-09,0.00691718
2021-03-10,0.00365423
2021-03-11,0.03191926
2021-03-12,-0.00435808
2021-03-15,0.01167861
2021-03-16,-0.00859176
2021-03-17,0.0217707
2021-03-18,-0.03004353
2021-03-19,0.01389039
2021-03-22,-0.00742742
2021-03-23,-0.01435361
2021-03-24,-0.02030699
2021-03-25,0.01974252
2021-03-26,0.00333944
2021-03-29,-0.00427328
2021-03-30,0.01707686
2021-03-31,0.00143753
2021-04-01,-0.00412759
2021-04-05,0.01630287
2021-04-06,0.01034887
2021-04-07,-0.00213242
2021-04-08,0.01061848
2021-04-09,0.00057984
2021-04-12,0.00654405
2021-04-13,0.00147161
2021-04-14,-0.00013417
2021-04-15,0.0078089
2021-04-16,-0.00143936
2021-04-19,-0.01050821
2021-04-20,-0.00501796
2021-04-22,-0.00587706
2021-04-23,0.00668489
2021-04-26,0.00162579
2021-04-27,-0.00393226
2021-04-28,0.00522889
2021-04-29,-0.00375278
2021-04-30,-0.00244979
2021-05-03,-0.00060091
2021-05-04,-0.00610915
2021-05-05,0.01460914
2021-05-06,-0.00157799
2021-05-07,0.0184209
2021-05-10,-0.01194078
2021-05-11,0.00746643
2021-05-12,-0.02933291
2021-05-13,0.00840609
2021-05-14,0.00829492
2021-05-17,0.01526709
2021-05-18,-0.00250976
2021-05-19,-0.00310185
2021-05-20,-0.00057649
2021-05-21,-0.00744176
2021-05-24,0.00544217
2021-05-25,-0.00377836
2021-05-26,0.00526444
2021-05-27,0.00062056
2021-05-28,0.00381539
2021-05-31,0.011701
2021-06-01,0.01580815
2021-06-02,0.00029478
2021-06-04,0.00292627
2021-06-07,0.00798471
2021-06-08,-0.00781216
2021-06-09,0.00458743
2021-06-10,0.00301635
2021-06-11,-0.00481764
2021-06-14,0.00847297
2021-06-15,-0.00121768
2021-06-16,-0.00833256
2021-06-17,-0.00437844
2021-06-18,0.00367092
2021-06-21,0.00550306
2021-06-22,0.00200012
2021-06-23,-0.00476113
2021-06-24,0.01015117
2021-06-25,-0.014663
2021-06-28,0.00521166
2021-06-29,-0.00326196
2021-06-30,-0.00287041
2021-07-01,-0.00088755
2021-07-02,0.01902088
2021-07-05,-0.00038021
2021-07-06,-0.00937558
2021-07-07,0.01469368
2021-07-08,-0.0079544
2021-07-09,0.00138153
2021-07-12,0.01351737
2021-07-13,0.00235186
2021-07-14,-0.00020942
2021-07-15,-0.00650424
2021-07-16,-0.0084978
2021-07-19,-0.01107068
2021-07-20,0.0024515
2021-07-21,0.00282947
2021-07-22,0.01091341
2021-07-23,-0.0050086
2021-07-26,-0.00313355
2021-07-27,-0.01084496
2021-07-28,0.00063665
2021-07-29,0.00107981
2021-07-30,-0.03079001
2021-08-02,0.01146912
2021-08-03,0.00461331
2021-08-04,-0.00294407
2021-08-05,-0.00250783
2021-08-06,0.00250363
2021-08-09,0.00495983
2021-08-10,-0.00288835
2021-08-11,-0.00705762
2021-08-12,-0.00530696
2021-08-13,0.00563824
2021-08-16,-0.01748269
2021-08-17,-0.01553132
2021-08-18,-0.00888953
2021-08-19,0.00614905
2021-08-20,0.00805792
2021-08-23,-0.01283345
2021-08-24,0.02244275
2021-08-25,0.00959012
2021-08-26,-0.02042745
2021-08-27,0.01517704
2021-08-30,-0.00735861
2021-08-31,-0.00838069
2021-09-01,0.00657904
2021-09-02,-0.01773212
2021-09-03,0.00179535
2021-09-06,0.00620261
2021-09-08,-0.01960517
2021-09-09,0.01354817
2021-09-10,-0.0118531
2021-09-13,0.01496358
2021-09-14,0.00259985
2021-09-15,-0.01041829
2021-09-16,-0.00907943
2021-09-17,-0.0122189
2021-09-20,-0.02030419
2021-09-21,0.01566731
2021-09-22,0.01012087
2021-09-23,0.01083554
2021-09-24,-0.0101192
2021-09-27,-0.00985199
2021-09-28,-0.03437265
2021-09-29,0.00132955
2021-09-30,0.00234285
2021-10-01,0.01255088
2021-10-04,-0.02805735
2021-10-05,-0.01200325
2021-10-06,-0.00502669
2021-10-07,0.00582522
2021-10-08,0.01305004
2021-10-11,-0.01238006
2021-10-13,0.01437567
2021-10-14,-0.00614653
2021-10-15,0.00873375
2021-10-18,-0.00650513
2021-10-19,-0.0374352
2021-10-20,-0.01020187
2021-10-21,-0.02415469
2021-10-22,-0.00565845
2021-10-25,0.02260925
2021-10-26,-0.02453414
2021-10-27,-0.00384577
2021-10-28,-0.00957783
2021-10-29,-0.01662425
2021-11-01,0.01471808
2021-11-03,0.01573671
2021-11-04,-0.01481263
2021-11-05,0.01458415
2021-11-08,-0.0010048
2021-11-09,0.01660614
2021-11-10,-0.00424895
2021-11-11,0.0173896
2021-11-12,-0.03329707
2021-11-16,-0.02456431
2021-11-17,-0.01391621
2021-11-18,0.00248415
2021-11-19,0.01006409
2021-11-22,-0.0163158
2021-11-23,0.00596574
2021-11-24,-0.00392276
2021-11-25,0.00470246
2021-11-26,-0.02367914
2021-11-29,-0.00249481
2021-11-30,-0.00907877
2021-12-01,-0.01699317
2021-12-02,0.02791792
2021-12-03,0.01054731
2021-12-06,0.01464197
2021-12-07,0.00625555
2021-12-08,0.01623169
2021-12-09,-0.01714033
2021-12-10,0.01376043
2021-12-13,-0.00100754
2021-12-14,-0.0143811
2021-12-15,0.01221985
2021-12-16,0.00483563
2021-12-17,-0.00330576
2021-12-20,-0.01825624
2021-12-21,0.00144636
2021-12-22,-0.00843514
2021-12-23,-0.00848312
2021-12-24,-0.00014201
2021-12-27,0.00702539
2021-12-28,-0.00888225
2021-12-29,-0.0106671
2021-12-30,0.01777018
2021-12-31,-0.00034916
2022-01-03,-0.02344971
2022-01-04,-0.01766247
2022-01-05,-0.03850336
2022-01-06,0.00204959
2022-01-07,-0.00122334
2022-01-10,-0.01581502
2022-01-11,0.03174742
2022-01-12,0.0234071
2022-01-13,-0.0181279
2022-01-14,0.00436855
2022-01-17,-0.00978267
2022-01-18,-0.01003013
2022-01-19,0.02253481
2022-01-20,0.02487248
2022-01-21,0.0031204
2022-01-24,-0.01632793
2022-01-25,0.01495907
2022-01-26,0.01581654
2022-01-27,0.00970809
2022-01-28,-0.00504017
2022-01-31,0.02048644
2022-02-01,0.00315523
2022-02-02,-0.01178396
2022-02-03,-0.00776968
2022-02-04,0.00028836
2022-02-07,-0.01167772
2022-02-08,0.00361468
2022-02-09,0.0261061
2022-02-10,-0.00050107
2022-02-11,-0.00605569
2022-02-14,0.00763127
2022-02-15,0.01874051
2022-02-16,0.00725877
2022-02-17,-0.01576724
